batch_idx,cls,x,y,w,h,kpt0_x,kpt0_y,kpt0_v,kpt1_x,kpt1_y,kpt1_v,kpt2_x,kpt2_y,kpt2_v,kpt3_x,kpt3_y,kpt3_v,kpt4_x,kpt4_y,kpt4_v,kpt5_x,kpt5_y,kpt5_v,kpt6_x,kpt6_y,kpt6_v,kpt7_x,kpt7_y,kpt7_v,kpt8_x,kpt8_y,kpt8_v,kpt9_x,kpt9_y,kpt9_v,kpt10_x,kpt10_y,kpt10_v,kpt11_x,kpt11_y,kpt11_v,kpt12_x,kpt12_y,kpt12_v,kpt13_x,kpt13_y,kpt13_v,kpt14_x,kpt14_y,kpt14_v
4.000000,1.000000,0.396875,0.327778,0.031250,0.052778,0.396875,0.327778,0.000000,0.396875,0.327778,0.000000,0.396875,0.327778,0.000000,0.396875,0.327778,0.000000,0.396875,0.327778,0.000000,0.396875,0.327778,0.000000,0.396875,0.327778,0.000000,0.396875,0.327778,0.000000,0.396875,0.327778,0.000000,0.396875,0.327778,0.000000,0.396875,0.327778,0.000000,0.396875,0.327778,0.000000,0.396875,0.327778,0.000000,0.396875,0.327778,0.000000,0.396875,0.327778,0.000000
4.000000,1.000000,0.312500,0.340278,0.028125,0.041667,0.312500,0.340278,0.000000,0.312500,0.340278,0.000000,0.312500,0.340278,0.000000,0.312500,0.340278,0.000000,0.312500,0.340278,0.000000,0.312500,0.340278,0.000000,0.312500,0.340278,0.000000,0.312500,0.340278,0.000000,0.312500,0.340278,0.000000,0.312500,0.340278,0.000000,0.312500,0.340278,0.000000,0.312500,0.340278,0.000000,0.312500,0.340278,0.000000,0.312500,0.340278,0.000000,0.312500,0.340278,0.000000
4.000000,1.000000,0.442578,0.331944,0.027344,0.047222,0.442578,0.331944,0.000000,0.442578,0.331944,0.000000,0.442578,0.331944,0.000000,0.442578,0.331944,0.000000,0.442578,0.331944,0.000000,0.442578,0.331944,0.000000,0.442578,0.331944,0.000000,0.442578,0.331944,0.000000,0.442578,0.331944,0.000000,0.442578,0.331944,0.000000,0.442578,0.331944,0.000000,0.442578,0.331944,0.000000,0.442578,0.331944,0.000000,0.442578,0.331944,0.000000,0.442578,0.331944,0.000000
4.000000,1.000000,0.026172,0.384722,0.052344,0.125000,0.026172,0.384722,0.000000,0.026172,0.384722,0.000000,0.026172,0.384722,0.000000,0.026172,0.384722,0.000000,0.026172,0.384722,0.000000,0.026172,0.384722,0.000000,0.026172,0.384722,0.000000,0.026172,0.384722,0.000000,0.026172,0.384722,0.000000,0.026172,0.384722,0.000000,0.026172,0.384722,0.000000,0.026172,0.384722,0.000000,0.026172,0.384722,0.000000,0.026172,0.384722,0.000000,0.026172,0.384722,0.000000
4.000000,1.000000,0.367969,0.334028,0.026562,0.034722,0.367969,0.334028,0.000000,0.367969,0.334028,0.000000,0.367969,0.334028,0.000000,0.367969,0.334028,0.000000,0.367969,0.334028,0.000000,0.367969,0.334028,0.000000,0.367969,0.334028,0.000000,0.367969,0.334028,0.000000,0.367969,0.334028,0.000000,0.367969,0.334028,0.000000,0.367969,0.334028,0.000000,0.367969,0.334028,0.000000,0.367969,0.334028,0.000000,0.367969,0.334028,0.000000,0.367969,0.334028,0.000000
4.000000,0.000000,0.208169,0.430055,0.416320,0.196347,0.416320,0.331931,1.000000,0.386863,0.347738,1.000000,0.357339,0.363137,1.000000,0.327426,0.375953,1.000000,0.297512,0.388770,1.000000,0.267647,0.401928,1.000000,0.237852,0.415593,1.000000,0.208058,0.429257,1.000000,0.178263,0.442922,1.000000,0.148469,0.456586,1.000000,0.118716,0.470527,1.000000,0.089037,0.484965,1.000000,0.059358,0.499403,1.000000,0.029679,0.513840,1.000000,0.000000,0.528278,1.000000
4.000000,0.000000,0.217540,0.570920,0.435547,0.477250,0.435547,0.333181,1.000000,0.405007,0.368528,1.000000,0.373522,0.401513,1.000000,0.342212,0.435057,1.000000,0.310848,0.468445,1.000000,0.279485,0.501833,1.000000,0.248121,0.535221,1.000000,0.217090,0.569577,1.000000,0.186078,0.603984,1.000000,0.155065,0.638392,1.000000,0.124052,0.672800,1.000000,0.093039,0.707207,1.000000,0.062026,0.741615,1.000000,0.031013,0.776023,1.000000,0.000000,0.810431,1.000000
4.000000,0.000000,0.720928,0.663404,0.514047,0.672931,0.464008,0.327069,1.000000,0.499294,0.377931,1.000000,0.536921,0.423696,1.000000,0.573814,0.471401,1.000000,0.610707,0.519107,1.000000,0.647600,0.566812,1.000000,0.684494,0.614517,1.000000,0.721217,0.662633,1.000000,0.757908,0.710828,1.000000,0.794599,0.759024,1.000000,0.831291,0.807219,1.000000,0.867982,0.855414,1.000000,0.904673,0.903609,1.000000,0.941364,0.951805,1.000000,0.978055,1.000000,1.000000
5.000000,1.000000,0.604738,0.319903,0.022742,0.038556,0.604738,0.319903,0.000000,0.604738,0.319903,0.000000,0.604738,0.319903,0.000000,0.604738,0.319903,0.000000,0.604738,0.319903,0.000000,0.604738,0.319903,0.000000,0.604738,0.319903,0.000000,0.604738,0.319903,0.000000,0.604738,0.319903,0.000000,0.604738,0.319903,0.000000,0.604738,0.319903,0.000000,0.604738,0.319903,0.000000,0.604738,0.319903,0.000000,0.604738,0.319903,0.000000,0.604738,0.319903,0.000000
5.000000,1.000000,0.426563,0.345139,0.040625,0.045833,0.426563,0.345139,0.000000,0.426563,0.345139,0.000000,0.426563,0.345139,0.000000,0.426563,0.345139,0.000000,0.426563,0.345139,0.000000,0.426563,0.345139,0.000000,0.426563,0.345139,0.000000,0.426563,0.345139,0.000000,0.426563,0.345139,0.000000,0.426563,0.345139,0.000000,0.426563,0.345139,0.000000,0.426563,0.345139,0.000000,0.426563,0.345139,0.000000,0.426563,0.345139,0.000000,0.426563,0.345139,0.000000
5.000000,1.000000,0.503906,0.334028,0.029687,0.034722,0.503906,0.334028,0.000000,0.503906,0.334028,0.000000,0.503906,0.334028,0.000000,0.503906,0.334028,0.000000,0.503906,0.334028,0.000000,0.503906,0.334028,0.000000,0.503906,0.334028,0.000000,0.503906,0.334028,0.000000,0.503906,0.334028,0.000000,0.503906,0.334028,0.000000,0.503906,0.334028,0.000000,0.503906,0.334028,0.000000,0.503906,0.334028,0.000000,0.503906,0.334028,0.000000,0.503906,0.334028,0.000000
5.000000,0.000000,0.282672,0.453496,0.569211,0.250597,0.569211,0.343097,1.000000,0.527641,0.353231,1.000000,0.486133,0.364094,1.000000,0.444791,0.376814,1.000000,0.403526,0.390316,1.000000,0.362528,0.406166,1.000000,0.321885,0.424607,1.000000,0.281436,0.444437,1.000000,0.240996,0.464329,1.000000,0.200645,0.484756,1.000000,0.160516,0.506543,1.000000,0.120387,0.528331,1.000000,0.080258,0.550119,1.000000,0.040129,0.571907,1.000000,0.000000,0.593694,1.000000
5.000000,0.000000,0.774766,0.565765,0.401973,0.411111,0.630062,0.343111,1.000000,0.598027,0.373464,1.000000,0.602462,0.429629,1.000000,0.632859,0.465207,1.000000,0.665368,0.494733,1.000000,0.698663,0.521358,1.000000,0.732011,0.547771,1.000000,0.765510,0.573577,1.000000,0.799009,0.599384,1.000000,0.832507,0.625190,1.000000,0.866006,0.650997,1.000000,0.899504,0.676803,1.000000,0.933003,0.702609,1.000000,0.966501,0.728416,1.000000,1.000000,0.754222,1.000000
5.000000,0.000000,0.343522,0.616671,0.456883,0.657222,0.592914,0.342778,1.000000,0.550486,0.358896,1.000000,0.508663,0.379187,1.000000,0.467671,0.404411,1.000000,0.428148,0.436026,1.000000,0.391885,0.477597,1.000000,0.358702,0.527288,1.000000,0.328006,0.581666,1.000000,0.300070,0.640633,1.000000,0.272730,0.700528,1.000000,0.245390,0.760422,1.000000,0.218051,0.820317,1.000000,0.190711,0.880211,1.000000,0.163371,0.940106,1.000000,0.136031,1.000000,1.000000
6.000000,1.000000,0.392188,0.363889,0.018750,0.022222,0.392188,0.363889,0.000000,0.392188,0.363889,0.000000,0.392188,0.363889,0.000000,0.392188,0.363889,0.000000,0.392188,0.363889,0.000000,0.392188,0.363889,0.000000,0.392188,0.363889,0.000000,0.392188,0.363889,0.000000,0.392188,0.363889,0.000000,0.392188,0.363889,0.000000,0.392188,0.363889,0.000000,0.392188,0.363889,0.000000,0.392188,0.363889,0.000000,0.392188,0.363889,0.000000,0.392188,0.363889,0.000000
6.000000,1.000000,0.340625,0.368750,0.034375,0.048611,0.340625,0.368750,0.000000,0.340625,0.368750,0.000000,0.340625,0.368750,0.000000,0.340625,0.368750,0.000000,0.340625,0.368750,0.000000,0.340625,0.368750,0.000000,0.340625,0.368750,0.000000,0.340625,0.368750,0.000000,0.340625,0.368750,0.000000,0.340625,0.368750,0.000000,0.340625,0.368750,0.000000,0.340625,0.368750,0.000000,0.340625,0.368750,0.000000,0.340625,0.368750,0.000000,0.340625,0.368750,0.000000
6.000000,1.000000,0.125000,0.391667,0.079687,0.094444,0.125000,0.391667,0.000000,0.125000,0.391667,0.000000,0.125000,0.391667,0.000000,0.125000,0.391667,0.000000,0.125000,0.391667,0.000000,0.125000,0.391667,0.000000,0.125000,0.391667,0.000000,0.125000,0.391667,0.000000,0.125000,0.391667,0.000000,0.125000,0.391667,0.000000,0.125000,0.391667,0.000000,0.125000,0.391667,0.000000,0.125000,0.391667,0.000000,0.125000,0.391667,0.000000,0.125000,0.391667,0.000000
6.000000,1.000000,0.440234,0.371528,0.044531,0.076389,0.440234,0.371528,0.000000,0.440234,0.371528,0.000000,0.440234,0.371528,0.000000,0.440234,0.371528,0.000000,0.440234,0.371528,0.000000,0.440234,0.371528,0.000000,0.440234,0.371528,0.000000,0.440234,0.371528,0.000000,0.440234,0.371528,0.000000,0.440234,0.371528,0.000000,0.440234,0.371528,0.000000,0.440234,0.371528,0.000000,0.440234,0.371528,0.000000,0.440234,0.371528,0.000000,0.440234,0.371528,0.000000
6.000000,0.000000,0.207337,0.466200,0.414703,0.192097,0.414703,0.370250,1.000000,0.385066,0.383868,1.000000,0.355430,0.397485,1.000000,0.325810,0.411218,1.000000,0.296190,0.424957,1.000000,0.266571,0.438696,1.000000,0.236952,0.452435,1.000000,0.207333,0.466174,1.000000,0.177714,0.479913,1.000000,0.148095,0.493652,1.000000,0.118476,0.507391,1.000000,0.088857,0.521130,1.000000,0.059238,0.534869,1.000000,0.029619,0.548608,1.000000,0.000000,0.562347,1.000000
6.000000,0.000000,0.209594,0.685590,0.419187,0.573986,0.419187,0.398597,1.000000,0.389246,0.439596,1.000000,0.359304,0.480595,1.000000,0.329362,0.521594,1.000000,0.299420,0.562593,1.000000,0.269478,0.603592,1.000000,0.239536,0.644591,1.000000,0.209594,0.685590,1.000000,0.179652,0.726589,1.000000,0.149710,0.767588,1.000000,0.119768,0.808587,1.000000,0.089826,0.849586,1.000000,0.059884,0.890585,1.000000,0.029942,0.931584,1.000000,0.000000,0.972583,1.000000
6.000000,0.000000,0.723951,0.685821,0.501477,0.627792,0.473102,0.372208,1.000000,0.509159,0.416444,1.000000,0.544960,0.461333,1.000000,0.580762,0.506222,1.000000,0.616563,0.551111,1.000000,0.652365,0.596000,1.000000,0.688166,0.640889,1.000000,0.723968,0.685778,1.000000,0.759769,0.730666,1.000000,0.795571,0.775555,1.000000,0.831372,0.820444,1.000000,0.867174,0.865333,1.000000,0.902975,0.910222,1.000000,0.938777,0.955111,1.000000,0.974578,1.000000,1.000000
8.000000,1.000000,0.264453,0.383333,0.053906,0.083333,0.264453,0.383333,0.000000,0.264453,0.383333,0.000000,0.264453,0.383333,0.000000,0.264453,0.383333,0.000000,0.264453,0.383333,0.000000,0.264453,0.383333,0.000000,0.264453,0.383333,0.000000,0.264453,0.383333,0.000000,0.264453,0.383333,0.000000,0.264453,0.383333,0.000000,0.264453,0.383333,0.000000,0.264453,0.383333,0.000000,0.264453,0.383333,0.000000,0.264453,0.383333,0.000000,0.264453,0.383333,0.000000
8.000000,3.000000,0.391668,0.366986,0.013133,0.063694,0.391668,0.366986,0.000000,0.391668,0.366986,0.000000,0.391668,0.366986,0.000000,0.391668,0.366986,0.000000,0.391668,0.366986,0.000000,0.391668,0.366986,0.000000,0.391668,0.366986,0.000000,0.391668,0.366986,0.000000,0.391668,0.366986,0.000000,0.391668,0.366986,0.000000,0.391668,0.366986,0.000000,0.391668,0.366986,0.000000,0.391668,0.366986,0.000000,0.391668,0.366986,0.000000,0.391668,0.366986,0.000000
8.000000,1.000000,0.025000,0.527778,0.050000,0.422222,0.025000,0.527778,0.000000,0.025000,0.527778,0.000000,0.025000,0.527778,0.000000,0.025000,0.527778,0.000000,0.025000,0.527778,0.000000,0.025000,0.527778,0.000000,0.025000,0.527778,0.000000,0.025000,0.527778,0.000000,0.025000,0.527778,0.000000,0.025000,0.527778,0.000000,0.025000,0.527778,0.000000,0.025000,0.527778,0.000000,0.025000,0.527778,0.000000,0.025000,0.527778,0.000000,0.025000,0.527778,0.000000
8.000000,1.000000,0.294922,0.380556,0.024219,0.055556,0.294922,0.380556,0.000000,0.294922,0.380556,0.000000,0.294922,0.380556,0.000000,0.294922,0.380556,0.000000,0.294922,0.380556,0.000000,0.294922,0.380556,0.000000,0.294922,0.380556,0.000000,0.294922,0.380556,0.000000,0.294922,0.380556,0.000000,0.294922,0.380556,0.000000,0.294922,0.380556,0.000000,0.294922,0.380556,0.000000,0.294922,0.380556,0.000000,0.294922,0.380556,0.000000,0.294922,0.380556,0.000000
8.000000,1.000000,0.150781,0.431250,0.142187,0.184722,0.150781,0.431250,0.000000,0.150781,0.431250,0.000000,0.150781,0.431250,0.000000,0.150781,0.431250,0.000000,0.150781,0.431250,0.000000,0.150781,0.431250,0.000000,0.150781,0.431250,0.000000,0.150781,0.431250,0.000000,0.150781,0.431250,0.000000,0.150781,0.431250,0.000000,0.150781,0.431250,0.000000,0.150781,0.431250,0.000000,0.150781,0.431250,0.000000,0.150781,0.431250,0.000000,0.150781,0.431250,0.000000
8.000000,0.000000,0.156750,0.594390,0.312039,0.383431,0.312039,0.400736,1.000000,0.290034,0.428886,1.000000,0.268028,0.457036,1.000000,0.245846,0.484730,1.000000,0.223226,0.511298,1.000000,0.200607,0.537867,1.000000,0.178094,0.564699,1.000000,0.156588,0.594044,1.000000,0.135082,0.623390,1.000000,0.113577,0.652735,1.000000,0.091250,0.680004,1.000000,0.068437,0.706044,1.000000,0.045625,0.732085,1.000000,0.022812,0.758126,1.000000,0.000000,0.784167,1.000000
8.000000,0.000000,0.695198,0.681068,0.579883,0.599958,0.399586,0.400042,1.000000,0.442626,0.436008,1.000000,0.486304,0.471966,1.000000,0.530098,0.507465,1.000000,0.574341,0.541167,1.000000,0.618121,0.576700,1.000000,0.660797,0.615953,1.000000,0.701000,0.662971,1.000000,0.740013,0.713092,1.000000,0.779025,0.763213,1.000000,0.818956,0.810976,1.000000,0.859084,0.858232,1.000000,0.899212,0.905488,1.000000,0.939341,0.952744,1.000000,0.979469,1.000000,1.000000
9.000000,1.000000,0.324219,0.367361,0.035937,0.048611,0.324219,0.367361,0.000000,0.324219,0.367361,0.000000,0.324219,0.367361,0.000000,0.324219,0.367361,0.000000,0.324219,0.367361,0.000000,0.324219,0.367361,0.000000,0.324219,0.367361,0.000000,0.324219,0.367361,0.000000,0.324219,0.367361,0.000000,0.324219,0.367361,0.000000,0.324219,0.367361,0.000000,0.324219,0.367361,0.000000,0.324219,0.367361,0.000000,0.324219,0.367361,0.000000,0.324219,0.367361,0.000000
9.000000,1.000000,0.413281,0.334028,0.035937,0.087500,0.413281,0.334028,0.000000,0.413281,0.334028,0.000000,0.413281,0.334028,0.000000,0.413281,0.334028,0.000000,0.413281,0.334028,0.000000,0.413281,0.334028,0.000000,0.413281,0.334028,0.000000,0.413281,0.334028,0.000000,0.413281,0.334028,0.000000,0.413281,0.334028,0.000000,0.413281,0.334028,0.000000,0.413281,0.334028,0.000000,0.413281,0.334028,0.000000,0.413281,0.334028,0.000000,0.413281,0.334028,0.000000
9.000000,1.000000,0.373047,0.370139,0.039844,0.056944,0.373047,0.370139,0.000000,0.373047,0.370139,0.000000,0.373047,0.370139,0.000000,0.373047,0.370139,0.000000,0.373047,0.370139,0.000000,0.373047,0.370139,0.000000,0.373047,0.370139,0.000000,0.373047,0.370139,0.000000,0.373047,0.370139,0.000000,0.373047,0.370139,0.000000,0.373047,0.370139,0.000000,0.373047,0.370139,0.000000,0.373047,0.370139,0.000000,0.373047,0.370139,0.000000,0.373047,0.370139,0.000000
9.000000,1.000000,0.188672,0.430556,0.172656,0.202778,0.188672,0.430556,0.000000,0.188672,0.430556,0.000000,0.188672,0.430556,0.000000,0.188672,0.430556,0.000000,0.188672,0.430556,0.000000,0.188672,0.430556,0.000000,0.188672,0.430556,0.000000,0.188672,0.430556,0.000000,0.188672,0.430556,0.000000,0.188672,0.430556,0.000000,0.188672,0.430556,0.000000,0.188672,0.430556,0.000000,0.188672,0.430556,0.000000,0.188672,0.430556,0.000000,0.188672,0.430556,0.000000
9.000000,1.000000,0.453125,0.342917,0.021875,0.058611,0.453125,0.342917,0.000000,0.453125,0.342917,0.000000,0.453125,0.342917,0.000000,0.453125,0.342917,0.000000,0.453125,0.342917,0.000000,0.453125,0.342917,0.000000,0.453125,0.342917,0.000000,0.453125,0.342917,0.000000,0.453125,0.342917,0.000000,0.453125,0.342917,0.000000,0.453125,0.342917,0.000000,0.453125,0.342917,0.000000,0.453125,0.342917,0.000000,0.453125,0.342917,0.000000,0.453125,0.342917,0.000000
9.000000,0.000000,0.198323,0.466252,0.396508,0.185778,0.396508,0.372903,1.000000,0.368250,0.386599,1.000000,0.339992,0.400295,1.000000,0.311683,0.413650,1.000000,0.283348,0.426834,1.000000,0.255013,0.440019,1.000000,0.226678,0.453204,1.000000,0.198344,0.466388,1.000000,0.170009,0.479573,1.000000,0.141674,0.492757,1.000000,0.113339,0.505942,1.000000,0.085004,0.519127,1.000000,0.056670,0.532311,1.000000,0.028335,0.545496,1.000000,0.000000,0.558681,1.000000
9.000000,0.000000,0.733010,0.668230,0.534828,0.608931,0.465172,0.365111,1.000000,0.504337,0.405571,1.000000,0.542406,0.449461,1.000000,0.580539,0.493176,1.000000,0.618672,0.536891,1.000000,0.656805,0.580606,1.000000,0.694938,0.624321,1.000000,0.733070,0.668036,1.000000,0.771203,0.711751,1.000000,0.809336,0.755466,1.000000,0.847469,0.799182,1.000000,0.885602,0.842897,1.000000,0.923734,0.886612,1.000000,0.961867,0.930327,1.000000,1.000000,0.974042,1.000000
9.000000,0.000000,0.217314,0.678351,0.435422,0.622917,0.435422,0.367889,1.000000,0.405425,0.414651,1.000000,0.373703,0.457764,1.000000,0.341981,0.500877,1.000000,0.310259,0.543990,1.000000,0.278584,0.587212,1.000000,0.247631,0.632056,1.000000,0.216677,0.676899,1.000000,0.185723,0.721743,1.000000,0.154769,0.766587,1.000000,0.123815,0.811431,1.000000,0.092861,0.856274,1.000000,0.061908,0.901118,1.000000,0.030954,0.945962,1.000000,0.000000,0.990806,1.000000
10.000000,1.000000,0.492422,0.331250,0.016094,0.023611,0.492422,0.331250,0.000000,0.492422,0.331250,0.000000,0.492422,0.331250,0.000000,0.492422,0.331250,0.000000,0.492422,0.331250,0.000000,0.492422,0.331250,0.000000,0.492422,0.331250,0.000000,0.492422,0.331250,0.000000,0.492422,0.331250,0.000000,0.492422,0.331250,0.000000,0.492422,0.331250,0.000000,0.492422,0.331250,0.000000,0.492422,0.331250,0.000000,0.492422,0.331250,0.000000,0.492422,0.331250,0.000000
10.000000,4.000000,0.310777,0.111396,0.033945,0.026681,0.310777,0.111396,0.000000,0.310777,0.111396,0.000000,0.310777,0.111396,0.000000,0.310777,0.111396,0.000000,0.310777,0.111396,0.000000,0.310777,0.111396,0.000000,0.310777,0.111396,0.000000,0.310777,0.111396,0.000000,0.310777,0.111396,0.000000,0.310777,0.111396,0.000000,0.310777,0.111396,0.000000,0.310777,0.111396,0.000000,0.310777,0.111396,0.000000,0.310777,0.111396,0.000000,0.310777,0.111396,0.000000
10.000000,6.000000,0.781188,0.200417,0.047000,0.092333,0.781188,0.200417,0.000000,0.781188,0.200417,0.000000,0.781188,0.200417,0.000000,0.781188,0.200417,0.000000,0.781188,0.200417,0.000000,0.781188,0.200417,0.000000,0.781188,0.200417,0.000000,0.781188,0.200417,0.000000,0.781188,0.200417,0.000000,0.781188,0.200417,0.000000,0.781188,0.200417,0.000000,0.781188,0.200417,0.000000,0.781188,0.200417,0.000000,0.781188,0.200417,0.000000,0.781188,0.200417,0.000000
10.000000,1.000000,0.577930,0.329167,0.044141,0.033333,0.577930,0.329167,0.000000,0.577930,0.329167,0.000000,0.577930,0.329167,0.000000,0.577930,0.329167,0.000000,0.577930,0.329167,0.000000,0.577930,0.329167,0.000000,0.577930,0.329167,0.000000,0.577930,0.329167,0.000000,0.577930,0.329167,0.000000,0.577930,0.329167,0.000000,0.577930,0.329167,0.000000,0.577930,0.329167,0.000000,0.577930,0.329167,0.000000,0.577930,0.329167,0.000000,0.577930,0.329167,0.000000
10.000000,1.000000,0.044922,0.418056,0.089844,0.188889,0.044922,0.418056,0.000000,0.044922,0.418056,0.000000,0.044922,0.418056,0.000000,0.044922,0.418056,0.000000,0.044922,0.418056,0.000000,0.044922,0.418056,0.000000,0.044922,0.418056,0.000000,0.044922,0.418056,0.000000,0.044922,0.418056,0.000000,0.044922,0.418056,0.000000,0.044922,0.418056,0.000000,0.044922,0.418056,0.000000,0.044922,0.418056,0.000000,0.044922,0.418056,0.000000,0.044922,0.418056,0.000000
10.000000,1.000000,0.428906,0.362500,0.092188,0.144444,0.428906,0.362500,0.000000,0.428906,0.362500,0.000000,0.428906,0.362500,0.000000,0.428906,0.362500,0.000000,0.428906,0.362500,0.000000,0.428906,0.362500,0.000000,0.428906,0.362500,0.000000,0.428906,0.362500,0.000000,0.428906,0.362500,0.000000,0.428906,0.362500,0.000000,0.428906,0.362500,0.000000,0.428906,0.362500,0.000000,0.428906,0.362500,0.000000,0.428906,0.362500,0.000000,0.428906,0.362500,0.000000
10.000000,0.000000,0.798816,0.701967,0.403164,0.459931,0.596836,0.473125,1.000000,0.626027,0.504866,1.000000,0.655217,0.536607,1.000000,0.684026,0.569428,1.000000,0.712751,0.602485,1.000000,0.741476,0.635542,1.000000,0.770201,0.668599,1.000000,0.798926,0.701656,1.000000,0.827650,0.734713,1.000000,0.856375,0.767771,1.000000,0.885100,0.800828,1.000000,0.913825,0.833885,1.000000,0.942550,0.866942,1.000000,0.971275,0.899999,1.000000,1.000000,0.933056,1.000000
10.000000,0.000000,0.222368,0.740156,0.281555,0.515458,0.364375,0.484542,1.000000,0.343755,0.520471,1.000000,0.323135,0.556400,1.000000,0.302578,0.592440,1.000000,0.282403,0.629159,1.000000,0.262227,0.665878,1.000000,0.242052,0.702596,1.000000,0.221877,0.739315,1.000000,0.201702,0.776033,1.000000,0.181527,0.812752,1.000000,0.161352,0.849471,1.000000,0.141447,0.886645,1.000000,0.121905,0.924430,1.000000,0.102363,0.962215,1.000000,0.082820,1.000000,1.000000
11.000000,3.000000,0.603777,0.358271,0.023273,0.105097,0.603777,0.358271,0.000000,0.603777,0.358271,0.000000,0.603777,0.358271,0.000000,0.603777,0.358271,0.000000,0.603777,0.358271,0.000000,0.603777,0.358271,0.000000,0.603777,0.358271,0.000000,0.603777,0.358271,0.000000,0.603777,0.358271,0.000000,0.603777,0.358271,0.000000,0.603777,0.358271,0.000000,0.603777,0.358271,0.000000,0.603777,0.358271,0.000000,0.603777,0.358271,0.000000,0.603777,0.358271,0.000000
11.000000,1.000000,0.525039,0.369444,0.034453,0.052778,0.525039,0.369444,0.000000,0.525039,0.369444,0.000000,0.525039,0.369444,0.000000,0.525039,0.369444,0.000000,0.525039,0.369444,0.000000,0.525039,0.369444,0.000000,0.525039,0.369444,0.000000,0.525039,0.369444,0.000000,0.525039,0.369444,0.000000,0.525039,0.369444,0.000000,0.525039,0.369444,0.000000,0.525039,0.369444,0.000000,0.525039,0.369444,0.000000,0.525039,0.369444,0.000000,0.525039,0.369444,0.000000
11.000000,1.000000,0.092969,0.387500,0.031250,0.058333,0.092969,0.387500,0.000000,0.092969,0.387500,0.000000,0.092969,0.387500,0.000000,0.092969,0.387500,0.000000,0.092969,0.387500,0.000000,0.092969,0.387500,0.000000,0.092969,0.387500,0.000000,0.092969,0.387500,0.000000,0.092969,0.387500,0.000000,0.092969,0.387500,0.000000,0.092969,0.387500,0.000000,0.092969,0.387500,0.000000,0.092969,0.387500,0.000000,0.092969,0.387500,0.000000,0.092969,0.387500,0.000000
11.000000,1.000000,0.138996,0.382889,0.032664,0.057500,0.138996,0.382889,0.000000,0.138996,0.382889,0.000000,0.138996,0.382889,0.000000,0.138996,0.382889,0.000000,0.138996,0.382889,0.000000,0.138996,0.382889,0.000000,0.138996,0.382889,0.000000,0.138996,0.382889,0.000000,0.138996,0.382889,0.000000,0.138996,0.382889,0.000000,0.138996,0.382889,0.000000,0.138996,0.382889,0.000000,0.138996,0.382889,0.000000,0.138996,0.382889,0.000000,0.138996,0.382889,0.000000
11.000000,4.000000,0.364297,0.145681,0.027906,0.021389,0.364297,0.145681,0.000000,0.364297,0.145681,0.000000,0.364297,0.145681,0.000000,0.364297,0.145681,0.000000,0.364297,0.145681,0.000000,0.364297,0.145681,0.000000,0.364297,0.145681,0.000000,0.364297,0.145681,0.000000,0.364297,0.145681,0.000000,0.364297,0.145681,0.000000,0.364297,0.145681,0.000000,0.364297,0.145681,0.000000,0.364297,0.145681,0.000000,0.364297,0.145681,0.000000,0.364297,0.145681,0.000000
11.000000,3.000000,0.781750,0.340625,0.013578,0.037917,0.781750,0.340625,0.000000,0.781750,0.340625,0.000000,0.781750,0.340625,0.000000,0.781750,0.340625,0.000000,0.781750,0.340625,0.000000,0.781750,0.340625,0.000000,0.781750,0.340625,0.000000,0.781750,0.340625,0.000000,0.781750,0.340625,0.000000,0.781750,0.340625,0.000000,0.781750,0.340625,0.000000,0.781750,0.340625,0.000000,0.781750,0.340625,0.000000,0.781750,0.340625,0.000000,0.781750,0.340625,0.000000
11.000000,0.000000,0.165027,0.813384,0.211172,0.363111,0.273570,0.636889,1.000000,0.258472,0.662991,1.000000,0.243373,0.689094,1.000000,0.227872,0.714427,1.000000,0.212156,0.739350,1.000000,0.195133,0.761283,1.000000,0.178657,0.784490,1.000000,0.162814,0.809160,1.000000,0.147029,0.833941,1.000000,0.131722,0.859657,1.000000,0.116415,0.885373,1.000000,0.101698,0.912050,1.000000,0.088598,0.941367,1.000000,0.075498,0.970683,1.000000,0.062398,1.000000,1.000000
11.000000,0.000000,0.793379,0.797423,0.281578,0.389778,0.649281,0.610222,1.000000,0.670641,0.635123,1.000000,0.692001,0.660025,1.000000,0.713361,0.684926,1.000000,0.734429,0.710599,1.000000,0.755463,0.736364,1.000000,0.776496,0.762129,1.000000,0.796394,0.790488,1.000000,0.815603,0.820418,1.000000,0.834812,0.850349,1.000000,0.854022,0.880279,1.000000,0.873231,0.910209,1.000000,0.892441,0.940139,1.000000,0.911650,0.970070,1.000000,0.930859,1.000000,1.000000
12.000000,6.000000,0.455723,0.084694,0.048211,0.074667,0.455723,0.084694,0.000000,0.455723,0.084694,0.000000,0.455723,0.084694,0.000000,0.455723,0.084694,0.000000,0.455723,0.084694,0.000000,0.455723,0.084694,0.000000,0.455723,0.084694,0.000000,0.455723,0.084694,0.000000,0.455723,0.084694,0.000000,0.455723,0.084694,0.000000,0.455723,0.084694,0.000000,0.455723,0.084694,0.000000,0.455723,0.084694,0.000000,0.455723,0.084694,0.000000,0.455723,0.084694,0.000000
12.000000,0.000000,0.026145,0.503302,0.049596,0.332861,0.000016,0.342111,1.000000,0.009747,0.363440,1.000000,0.020161,0.383707,1.000000,0.031298,0.402741,1.000000,0.041766,0.422885,1.000000,0.047060,0.447950,1.000000,0.049596,0.474785,1.000000,0.045693,0.501359,1.000000,0.041789,0.527932,1.000000,0.035016,0.552568,1.000000,0.028013,0.577049,1.000000,0.021010,0.601530,1.000000,0.014006,0.626011,1.000000,0.007003,0.650491,1.000000,0.000000,0.674972,1.000000
12.000000,0.000000,0.511841,0.598442,0.976758,0.542375,0.023242,0.330708,1.000000,0.090727,0.380374,1.000000,0.162408,0.406422,1.000000,0.233345,0.437905,1.000000,0.303252,0.476230,1.000000,0.372927,0.515916,1.000000,0.442602,0.555601,1.000000,0.512276,0.595286,1.000000,0.581951,0.634972,1.000000,0.651626,0.674657,1.000000,0.721301,0.714342,1.000000,0.790976,0.754027,1.000000,0.860650,0.793713,1.000000,0.930325,0.833398,1.000000,1.000000,0.873083,1.000000
13.000000,1.000000,0.496094,0.340278,0.032813,0.047222,0.496094,0.340278,0.000000,0.496094,0.340278,0.000000,0.496094,0.340278,0.000000,0.496094,0.340278,0.000000,0.496094,0.340278,0.000000,0.496094,0.340278,0.000000,0.496094,0.340278,0.000000,0.496094,0.340278,0.000000,0.496094,0.340278,0.000000,0.496094,0.340278,0.000000,0.496094,0.340278,0.000000,0.496094,0.340278,0.000000,0.496094,0.340278,0.000000,0.496094,0.340278,0.000000,0.496094,0.340278,0.000000
13.000000,1.000000,0.433437,0.332500,0.017500,0.029444,0.433437,0.332500,0.000000,0.433437,0.332500,0.000000,0.433437,0.332500,0.000000,0.433437,0.332500,0.000000,0.433437,0.332500,0.000000,0.433437,0.332500,0.000000,0.433437,0.332500,0.000000,0.433437,0.332500,0.000000,0.433437,0.332500,0.000000,0.433437,0.332500,0.000000,0.433437,0.332500,0.000000,0.433437,0.332500,0.000000,0.433437,0.332500,0.000000,0.433437,0.332500,0.000000,0.433437,0.332500,0.000000
13.000000,0.000000,0.733901,0.446566,0.531797,0.206931,0.468203,0.341556,1.000000,0.506272,0.355672,1.000000,0.543994,0.372384,1.000000,0.581943,0.387482,1.000000,0.619886,0.402629,1.000000,0.657790,0.418079,1.000000,0.695694,0.433529,1.000000,0.733682,0.448303,1.000000,0.771728,0.462615,1.000000,0.809773,0.476927,1.000000,0.847819,0.491239,1.000000,0.885864,0.505550,1.000000,0.923909,0.519862,1.000000,0.961955,0.534174,1.000000,1.000000,0.548486,1.000000
13.000000,0.000000,0.230556,0.677082,0.384281,0.659500,0.413375,0.340500,1.000000,0.404164,0.399218,1.000000,0.376749,0.447849,1.000000,0.348247,0.494777,1.000000,0.319233,0.540707,1.000000,0.290219,0.586636,1.000000,0.261205,0.632565,1.000000,0.232191,0.678495,1.000000,0.203177,0.724424,1.000000,0.174164,0.770353,1.000000,0.145150,0.816283,1.000000,0.116136,0.862212,1.000000,0.087122,0.908141,1.000000,0.058108,0.954071,1.000000,0.029094,1.000000,1.000000
13.000000,0.000000,0.724161,0.653646,0.553578,0.628375,0.446422,0.342292,1.000000,0.487529,0.382470,1.000000,0.527456,0.426244,1.000000,0.566835,0.471613,1.000000,0.606213,0.516981,1.000000,0.645592,0.562350,1.000000,0.684971,0.607718,1.000000,0.724349,0.653087,1.000000,0.763728,0.698456,1.000000,0.803107,0.743824,1.000000,0.842485,0.789193,1.000000,0.881864,0.834561,1.000000,0.921243,0.879930,1.000000,0.960621,0.925298,1.000000,1.000000,0.970667,1.000000
14.000000,5.000000,0.610551,0.309500,0.015805,0.030444,0.610551,0.309500,0.000000,0.610551,0.309500,0.000000,0.610551,0.309500,0.000000,0.610551,0.309500,0.000000,0.610551,0.309500,0.000000,0.610551,0.309500,0.000000,0.610551,0.309500,0.000000,0.610551,0.309500,0.000000,0.610551,0.309500,0.000000,0.610551,0.309500,0.000000,0.610551,0.309500,0.000000,0.610551,0.309500,0.000000,0.610551,0.309500,0.000000,0.610551,0.309500,0.000000,0.610551,0.309500,0.000000
14.000000,1.000000,0.335984,0.366764,0.021406,0.031528,0.335984,0.366764,0.000000,0.335984,0.366764,0.000000,0.335984,0.366764,0.000000,0.335984,0.366764,0.000000,0.335984,0.366764,0.000000,0.335984,0.366764,0.000000,0.335984,0.366764,0.000000,0.335984,0.366764,0.000000,0.335984,0.366764,0.000000,0.335984,0.366764,0.000000,0.335984,0.366764,0.000000,0.335984,0.366764,0.000000,0.335984,0.366764,0.000000,0.335984,0.366764,0.000000,0.335984,0.366764,0.000000
14.000000,1.000000,0.430469,0.352083,0.015625,0.023611,0.430469,0.352083,0.000000,0.430469,0.352083,0.000000,0.430469,0.352083,0.000000,0.430469,0.352083,0.000000,0.430469,0.352083,0.000000,0.430469,0.352083,0.000000,0.430469,0.352083,0.000000,0.430469,0.352083,0.000000,0.430469,0.352083,0.000000,0.430469,0.352083,0.000000,0.430469,0.352083,0.000000,0.430469,0.352083,0.000000,0.430469,0.352083,0.000000,0.430469,0.352083,0.000000,0.430469,0.352083,0.000000
15.000000,1.000000,0.851562,0.531250,0.293750,0.487500,0.851562,0.531250,0.000000,0.851562,0.531250,0.000000,0.851562,0.531250,0.000000,0.851562,0.531250,0.000000,0.851562,0.531250,0.000000,0.851562,0.531250,0.000000,0.851562,0.531250,0.000000,0.851562,0.531250,0.000000,0.851562,0.531250,0.000000,0.851562,0.531250,0.000000,0.851562,0.531250,0.000000,0.851562,0.531250,0.000000,0.851562,0.531250,0.000000,0.851562,0.531250,0.000000,0.851562,0.531250,0.000000
15.000000,2.000000,0.389750,0.350306,0.012719,0.063833,0.389750,0.350306,0.000000,0.389750,0.350306,0.000000,0.389750,0.350306,0.000000,0.389750,0.350306,0.000000,0.389750,0.350306,0.000000,0.389750,0.350306,0.000000,0.389750,0.350306,0.000000,0.389750,0.350306,0.000000,0.389750,0.350306,0.000000,0.389750,0.350306,0.000000,0.389750,0.350306,0.000000,0.389750,0.350306,0.000000,0.389750,0.350306,0.000000,0.389750,0.350306,0.000000,0.389750,0.350306,0.000000
15.000000,1.000000,0.492578,0.343056,0.021094,0.041667,0.492578,0.343056,0.000000,0.492578,0.343056,0.000000,0.492578,0.343056,0.000000,0.492578,0.343056,0.000000,0.492578,0.343056,0.000000,0.492578,0.343056,0.000000,0.492578,0.343056,0.000000,0.492578,0.343056,0.000000,0.492578,0.343056,0.000000,0.492578,0.343056,0.000000,0.492578,0.343056,0.000000,0.492578,0.343056,0.000000,0.492578,0.343056,0.000000,0.492578,0.343056,0.000000,0.492578,0.343056,0.000000
15.000000,1.000000,0.512758,0.355625,0.034797,0.073361,0.512758,0.355625,0.000000,0.512758,0.355625,0.000000,0.512758,0.355625,0.000000,0.512758,0.355625,0.000000,0.512758,0.355625,0.000000,0.512758,0.355625,0.000000,0.512758,0.355625,0.000000,0.512758,0.355625,0.000000,0.512758,0.355625,0.000000,0.512758,0.355625,0.000000,0.512758,0.355625,0.000000,0.512758,0.355625,0.000000,0.512758,0.355625,0.000000,0.512758,0.355625,0.000000,0.512758,0.355625,0.000000
15.000000,3.000000,0.324121,0.355014,0.012727,0.080056,0.324121,0.355014,0.000000,0.324121,0.355014,0.000000,0.324121,0.355014,0.000000,0.324121,0.355014,0.000000,0.324121,0.355014,0.000000,0.324121,0.355014,0.000000,0.324121,0.355014,0.000000,0.324121,0.355014,0.000000,0.324121,0.355014,0.000000,0.324121,0.355014,0.000000,0.324121,0.355014,0.000000,0.324121,0.355014,0.000000,0.324121,0.355014,0.000000,0.324121,0.355014,0.000000,0.324121,0.355014,0.000000
15.000000,1.000000,0.645312,0.395139,0.135937,0.184722,0.645312,0.395139,0.000000,0.645312,0.395139,0.000000,0.645312,0.395139,0.000000,0.645312,0.395139,0.000000,0.645312,0.395139,0.000000,0.645312,0.395139,0.000000,0.645312,0.395139,0.000000,0.645312,0.395139,0.000000,0.645312,0.395139,0.000000,0.645312,0.395139,0.000000,0.645312,0.395139,0.000000,0.645312,0.395139,0.000000,0.645312,0.395139,0.000000,0.645312,0.395139,0.000000,0.645312,0.395139,0.000000
15.000000,1.000000,0.538281,0.364583,0.039062,0.109722,0.538281,0.364583,0.000000,0.538281,0.364583,0.000000,0.538281,0.364583,0.000000,0.538281,0.364583,0.000000,0.538281,0.364583,0.000000,0.538281,0.364583,0.000000,0.538281,0.364583,0.000000,0.538281,0.364583,0.000000,0.538281,0.364583,0.000000,0.538281,0.364583,0.000000,0.538281,0.364583,0.000000,0.538281,0.364583,0.000000,0.538281,0.364583,0.000000,0.538281,0.364583,0.000000,0.538281,0.364583,0.000000
15.000000,1.000000,0.575891,0.372437,0.071109,0.136764,0.575891,0.372437,0.000000,0.575891,0.372437,0.000000,0.575891,0.372437,0.000000,0.575891,0.372437,0.000000,0.575891,0.372437,0.000000,0.575891,0.372437,0.000000,0.575891,0.372437,0.000000,0.575891,0.372437,0.000000,0.575891,0.372437,0.000000,0.575891,0.372437,0.000000,0.575891,0.372437,0.000000,0.575891,0.372437,0.000000,0.575891,0.372437,0.000000,0.575891,0.372437,0.000000,0.575891,0.372437,0.000000
15.000000,0.000000,0.202260,0.548707,0.405039,0.370542,0.405039,0.364333,1.000000,0.376104,0.390796,1.000000,0.347164,0.417237,1.000000,0.318198,0.443592,1.000000,0.289232,0.469946,1.000000,0.260126,0.495799,1.000000,0.230855,0.521067,1.000000,0.201797,0.547084,1.000000,0.172969,0.573911,1.000000,0.144141,0.600738,1.000000,0.115313,0.627566,1.000000,0.086484,0.654393,1.000000,0.057656,0.681220,1.000000,0.028828,0.708048,1.000000,0.000000,0.734875,1.000000
15.000000,0.000000,0.737276,0.679761,0.525547,0.637931,0.474016,0.362069,1.000000,0.511916,0.406684,1.000000,0.549643,0.451757,1.000000,0.587276,0.497082,1.000000,0.624908,0.542407,1.000000,0.662541,0.587731,1.000000,0.700173,0.633056,1.000000,0.737603,0.678908,1.000000,0.775026,0.724778,1.000000,0.812449,0.770649,1.000000,0.849871,0.816519,1.000000,0.887294,0.862389,1.000000,0.924717,0.908259,1.000000,0.962140,0.954130,1.000000,0.999563,1.000000,1.000000
16.000000,1.000000,0.631641,0.391667,0.102344,0.119444,0.631641,0.391667,0.000000,0.631641,0.391667,0.000000,0.631641,0.391667,0.000000,0.631641,0.391667,0.000000,0.631641,0.391667,0.000000,0.631641,0.391667,0.000000,0.631641,0.391667,0.000000,0.631641,0.391667,0.000000,0.631641,0.391667,0.000000,0.631641,0.391667,0.000000,0.631641,0.391667,0.000000,0.631641,0.391667,0.000000,0.631641,0.391667,0.000000,0.631641,0.391667,0.000000,0.631641,0.391667,0.000000
16.000000,1.000000,0.543359,0.367361,0.036719,0.054167,0.543359,0.367361,0.000000,0.543359,0.367361,0.000000,0.543359,0.367361,0.000000,0.543359,0.367361,0.000000,0.543359,0.367361,0.000000,0.543359,0.367361,0.000000,0.543359,0.367361,0.000000,0.543359,0.367361,0.000000,0.543359,0.367361,0.000000,0.543359,0.367361,0.000000,0.543359,0.367361,0.000000,0.543359,0.367361,0.000000,0.543359,0.367361,0.000000,0.543359,0.367361,0.000000,0.543359,0.367361,0.000000
16.000000,0.000000,0.283467,0.666352,0.388789,0.635444,0.484227,0.364556,1.000000,0.448743,0.387995,1.000000,0.417487,0.426100,1.000000,0.389612,0.472023,1.000000,0.362479,0.519330,1.000000,0.335346,0.566638,1.000000,0.308213,0.613945,1.000000,0.281080,0.661252,1.000000,0.254509,0.709555,1.000000,0.227997,0.757962,1.000000,0.201485,0.806370,1.000000,0.174973,0.854777,1.000000,0.148461,0.903185,1.000000,0.121949,0.951592,1.000000,0.095437,1.000000,1.000000
16.000000,0.000000,0.747017,0.658047,0.494023,0.572833,0.505977,0.365500,1.000000,0.529183,0.417553,1.000000,0.564999,0.458725,1.000000,0.600917,0.499631,1.000000,0.637123,0.539722,1.000000,0.673411,0.579583,1.000000,0.709699,0.619444,1.000000,0.745986,0.659305,1.000000,0.782274,0.699166,1.000000,0.818562,0.739028,1.000000,0.854849,0.778889,1.000000,0.891137,0.818750,1.000000,0.927425,0.858611,1.000000,0.963712,0.898472,1.000000,1.000000,0.938333,1.000000
16.000000,0.000000,0.780315,0.469479,0.439047,0.169736,0.560953,0.383431,1.000000,0.591997,0.397836,1.000000,0.623374,0.409845,1.000000,0.654752,0.421854,1.000000,0.686129,0.433864,1.000000,0.717507,0.445873,1.000000,0.748891,0.457829,1.000000,0.780279,0.469746,1.000000,0.811668,0.481663,1.000000,0.843057,0.493581,1.000000,0.874445,0.505498,1.000000,0.905834,0.517415,1.000000,0.937223,0.529332,1.000000,0.968611,0.541249,1.000000,1.000000,0.553167,1.000000
17.000000,1.000000,0.395313,0.333333,0.046875,0.102778,0.395313,0.333333,0.000000,0.395313,0.333333,0.000000,0.395313,0.333333,0.000000,0.395313,0.333333,0.000000,0.395313,0.333333,0.000000,0.395313,0.333333,0.000000,0.395313,0.333333,0.000000,0.395313,0.333333,0.000000,0.395313,0.333333,0.000000,0.395313,0.333333,0.000000,0.395313,0.333333,0.000000,0.395313,0.333333,0.000000,0.395313,0.333333,0.000000,0.395313,0.333333,0.000000,0.395313,0.333333,0.000000
17.000000,1.000000,0.323437,0.366667,0.043750,0.061111,0.323437,0.366667,0.000000,0.323437,0.366667,0.000000,0.323437,0.366667,0.000000,0.323437,0.366667,0.000000,0.323437,0.366667,0.000000,0.323437,0.366667,0.000000,0.323437,0.366667,0.000000,0.323437,0.366667,0.000000,0.323437,0.366667,0.000000,0.323437,0.366667,0.000000,0.323437,0.366667,0.000000,0.323437,0.366667,0.000000,0.323437,0.366667,0.000000,0.323437,0.366667,0.000000,0.323437,0.366667,0.000000
17.000000,1.000000,0.457813,0.329167,0.039062,0.097222,0.457813,0.329167,0.000000,0.457813,0.329167,0.000000,0.457813,0.329167,0.000000,0.457813,0.329167,0.000000,0.457813,0.329167,0.000000,0.457813,0.329167,0.000000,0.457813,0.329167,0.000000,0.457813,0.329167,0.000000,0.457813,0.329167,0.000000,0.457813,0.329167,0.000000,0.457813,0.329167,0.000000,0.457813,0.329167,0.000000,0.457813,0.329167,0.000000,0.457813,0.329167,0.000000,0.457813,0.329167,0.000000
17.000000,0.000000,0.187489,0.468457,0.374945,0.170611,0.374945,0.383042,1.000000,0.348232,0.395697,1.000000,0.321437,0.407790,1.000000,0.294634,0.419826,1.000000,0.267835,0.431893,1.000000,0.241051,0.444069,1.000000,0.214268,0.456245,1.000000,0.187484,0.468421,1.000000,0.160701,0.480597,1.000000,0.133917,0.492773,1.000000,0.107134,0.504949,1.000000,0.080350,0.517125,1.000000,0.053567,0.529301,1.000000,0.026783,0.541477,1.000000,0.000000,0.553653,1.000000
17.000000,0.000000,0.218984,0.618033,0.436391,0.499903,0.436391,0.366278,1.000000,0.406842,0.405663,1.000000,0.375619,0.441289,1.000000,0.344318,0.476697,1.000000,0.313016,0.512104,1.000000,0.281714,0.547512,1.000000,0.250413,0.582920,1.000000,0.219111,0.618327,1.000000,0.187810,0.653735,1.000000,0.156508,0.689142,1.000000,0.125206,0.724550,1.000000,0.093905,0.759958,1.000000,0.062603,0.795365,1.000000,0.031302,0.830773,1.000000,0.000000,0.866181,1.000000
17.000000,0.000000,0.688213,0.685881,0.421992,0.628014,0.477164,0.371986,1.000000,0.507389,0.416669,1.000000,0.537558,0.461470,1.000000,0.567691,0.506347,1.000000,0.597824,0.551225,1.000000,0.627957,0.596102,1.000000,0.658091,0.640980,1.000000,0.688224,0.685857,1.000000,0.718357,0.730735,1.000000,0.748490,0.775612,1.000000,0.778623,0.820490,1.000000,0.808757,0.865367,1.000000,0.838890,0.910245,1.000000,0.869023,0.955122,1.000000,0.899156,1.000000,1.000000
18.000000,1.000000,0.336406,0.368056,0.044687,0.075000,0.336406,0.368056,0.000000,0.336406,0.368056,0.000000,0.336406,0.368056,0.000000,0.336406,0.368056,0.000000,0.336406,0.368056,0.000000,0.336406,0.368056,0.000000,0.336406,0.368056,0.000000,0.336406,0.368056,0.000000,0.336406,0.368056,0.000000,0.336406,0.368056,0.000000,0.336406,0.368056,0.000000,0.336406,0.368056,0.000000,0.336406,0.368056,0.000000,0.336406,0.368056,0.000000,0.336406,0.368056,0.000000
18.000000,1.000000,0.242969,0.404167,0.106250,0.144444,0.242969,0.404167,0.000000,0.242969,0.404167,0.000000,0.242969,0.404167,0.000000,0.242969,0.404167,0.000000,0.242969,0.404167,0.000000,0.242969,0.404167,0.000000,0.242969,0.404167,0.000000,0.242969,0.404167,0.000000,0.242969,0.404167,0.000000,0.242969,0.404167,0.000000,0.242969,0.404167,0.000000,0.242969,0.404167,0.000000,0.242969,0.404167,0.000000,0.242969,0.404167,0.000000,0.242969,0.404167,0.000000
18.000000,1.000000,0.297941,0.385118,0.053789,0.109403,0.297941,0.385118,0.000000,0.297941,0.385118,0.000000,0.297941,0.385118,0.000000,0.297941,0.385118,0.000000,0.297941,0.385118,0.000000,0.297941,0.385118,0.000000,0.297941,0.385118,0.000000,0.297941,0.385118,0.000000,0.297941,0.385118,0.000000,0.297941,0.385118,0.000000,0.297941,0.385118,0.000000,0.297941,0.385118,0.000000,0.297941,0.385118,0.000000,0.297941,0.385118,0.000000,0.297941,0.385118,0.000000
18.000000,0.000000,0.206409,0.526280,0.413078,0.336056,0.413078,0.358750,1.000000,0.383576,0.382773,1.000000,0.354074,0.406795,1.000000,0.324591,0.430891,1.000000,0.295126,0.455054,1.000000,0.265660,0.479216,1.000000,0.236028,0.502721,1.000000,0.206336,0.525992,1.000000,0.176698,0.549477,1.000000,0.147149,0.573317,1.000000,0.117601,0.597158,1.000000,0.088111,0.621226,1.000000,0.058741,0.645752,1.000000,0.029370,0.670279,1.000000,0.000000,0.694806,1.000000
18.000000,0.000000,0.662115,0.676885,0.395578,0.646764,0.464469,0.353236,1.000000,0.492333,0.400172,1.000000,0.520662,0.446229,1.000000,0.548991,0.492286,1.000000,0.577276,0.538427,1.000000,0.605553,0.584584,1.000000,0.633830,0.630742,1.000000,0.662107,0.676899,1.000000,0.690385,0.723056,1.000000,0.718662,0.769213,1.000000,0.746939,0.815371,1.000000,0.775216,0.861528,1.000000,0.803493,0.907685,1.000000,0.831770,0.953843,1.000000,0.860047,1.000000,1.000000
19.000000,1.000000,0.508648,0.316306,0.020062,0.022944,0.508648,0.316306,0.000000,0.508648,0.316306,0.000000,0.508648,0.316306,0.000000,0.508648,0.316306,0.000000,0.508648,0.316306,0.000000,0.508648,0.316306,0.000000,0.508648,0.316306,0.000000,0.508648,0.316306,0.000000,0.508648,0.316306,0.000000,0.508648,0.316306,0.000000,0.508648,0.316306,0.000000,0.508648,0.316306,0.000000,0.508648,0.316306,0.000000,0.508648,0.316306,0.000000,0.508648,0.316306,0.000000
19.000000,4.000000,0.226605,0.060056,0.046039,0.036639,0.226605,0.060056,0.000000,0.226605,0.060056,0.000000,0.226605,0.060056,0.000000,0.226605,0.060056,0.000000,0.226605,0.060056,0.000000,0.226605,0.060056,0.000000,0.226605,0.060056,0.000000,0.226605,0.060056,0.000000,0.226605,0.060056,0.000000,0.226605,0.060056,0.000000,0.226605,0.060056,0.000000,0.226605,0.060056,0.000000,0.226605,0.060056,0.000000,0.226605,0.060056,0.000000,0.226605,0.060056,0.000000
19.000000,1.000000,0.435937,0.334722,0.040625,0.055556,0.435937,0.334722,0.000000,0.435937,0.334722,0.000000,0.435937,0.334722,0.000000,0.435937,0.334722,0.000000,0.435937,0.334722,0.000000,0.435937,0.334722,0.000000,0.435937,0.334722,0.000000,0.435937,0.334722,0.000000,0.435937,0.334722,0.000000,0.435937,0.334722,0.000000,0.435937,0.334722,0.000000,0.435937,0.334722,0.000000,0.435937,0.334722,0.000000,0.435937,0.334722,0.000000,0.435937,0.334722,0.000000
19.000000,1.000000,0.405383,0.339778,0.025953,0.037194,0.405383,0.339778,0.000000,0.405383,0.339778,0.000000,0.405383,0.339778,0.000000,0.405383,0.339778,0.000000,0.405383,0.339778,0.000000,0.405383,0.339778,0.000000,0.405383,0.339778,0.000000,0.405383,0.339778,0.000000,0.405383,0.339778,0.000000,0.405383,0.339778,0.000000,0.405383,0.339778,0.000000,0.405383,0.339778,0.000000,0.405383,0.339778,0.000000,0.405383,0.339778,0.000000,0.405383,0.339778,0.000000
19.000000,1.000000,0.290980,0.358604,0.045602,0.073347,0.290980,0.358604,0.000000,0.290980,0.358604,0.000000,0.290980,0.358604,0.000000,0.290980,0.358604,0.000000,0.290980,0.358604,0.000000,0.290980,0.358604,0.000000,0.290980,0.358604,0.000000,0.290980,0.358604,0.000000,0.290980,0.358604,0.000000,0.290980,0.358604,0.000000,0.290980,0.358604,0.000000,0.290980,0.358604,0.000000,0.290980,0.358604,0.000000,0.290980,0.358604,0.000000,0.290980,0.358604,0.000000
19.000000,1.000000,0.567187,0.336111,0.034375,0.055556,0.567187,0.336111,0.000000,0.567187,0.336111,0.000000,0.567187,0.336111,0.000000,0.567187,0.336111,0.000000,0.567187,0.336111,0.000000,0.567187,0.336111,0.000000,0.567187,0.336111,0.000000,0.567187,0.336111,0.000000,0.567187,0.336111,0.000000,0.567187,0.336111,0.000000,0.567187,0.336111,0.000000,0.567187,0.336111,0.000000,0.567187,0.336111,0.000000,0.567187,0.336111,0.000000,0.567187,0.336111,0.000000
19.000000,1.000000,0.647656,0.330556,0.042188,0.063889,0.647656,0.330556,0.000000,0.647656,0.330556,0.000000,0.647656,0.330556,0.000000,0.647656,0.330556,0.000000,0.647656,0.330556,0.000000,0.647656,0.330556,0.000000,0.647656,0.330556,0.000000,0.647656,0.330556,0.000000,0.647656,0.330556,0.000000,0.647656,0.330556,0.000000,0.647656,0.330556,0.000000,0.647656,0.330556,0.000000,0.647656,0.330556,0.000000,0.647656,0.330556,0.000000,0.647656,0.330556,0.000000
19.000000,1.000000,0.385156,0.344444,0.026562,0.041667,0.385156,0.344444,0.000000,0.385156,0.344444,0.000000,0.385156,0.344444,0.000000,0.385156,0.344444,0.000000,0.385156,0.344444,0.000000,0.385156,0.344444,0.000000,0.385156,0.344444,0.000000,0.385156,0.344444,0.000000,0.385156,0.344444,0.000000,0.385156,0.344444,0.000000,0.385156,0.344444,0.000000,0.385156,0.344444,0.000000,0.385156,0.344444,0.000000,0.385156,0.344444,0.000000,0.385156,0.344444,0.000000
19.000000,1.000000,0.332813,0.366667,0.081250,0.100000,0.332813,0.366667,0.000000,0.332813,0.366667,0.000000,0.332813,0.366667,0.000000,0.332813,0.366667,0.000000,0.332813,0.366667,0.000000,0.332813,0.366667,0.000000,0.332813,0.366667,0.000000,0.332813,0.366667,0.000000,0.332813,0.366667,0.000000,0.332813,0.366667,0.000000,0.332813,0.366667,0.000000,0.332813,0.366667,0.000000,0.332813,0.366667,0.000000,0.332813,0.366667,0.000000,0.332813,0.366667,0.000000
20.000000,1.000000,0.571094,0.417361,0.042188,0.098611,0.571094,0.417361,0.000000,0.571094,0.417361,0.000000,0.571094,0.417361,0.000000,0.571094,0.417361,0.000000,0.571094,0.417361,0.000000,0.571094,0.417361,0.000000,0.571094,0.417361,0.000000,0.571094,0.417361,0.000000,0.571094,0.417361,0.000000,0.571094,0.417361,0.000000,0.571094,0.417361,0.000000,0.571094,0.417361,0.000000,0.571094,0.417361,0.000000,0.571094,0.417361,0.000000,0.571094,0.417361,0.000000
20.000000,1.000000,0.693750,0.449306,0.153125,0.176389,0.693750,0.449306,0.000000,0.693750,0.449306,0.000000,0.693750,0.449306,0.000000,0.693750,0.449306,0.000000,0.693750,0.449306,0.000000,0.693750,0.449306,0.000000,0.693750,0.449306,0.000000,0.693750,0.449306,0.000000,0.693750,0.449306,0.000000,0.693750,0.449306,0.000000,0.693750,0.449306,0.000000,0.693750,0.449306,0.000000,0.693750,0.449306,0.000000,0.693750,0.449306,0.000000,0.693750,0.449306,0.000000
20.000000,1.000000,0.626387,0.416424,0.102820,0.159625,0.626387,0.416424,0.000000,0.626387,0.416424,0.000000,0.626387,0.416424,0.000000,0.626387,0.416424,0.000000,0.626387,0.416424,0.000000,0.626387,0.416424,0.000000,0.626387,0.416424,0.000000,0.626387,0.416424,0.000000,0.626387,0.416424,0.000000,0.626387,0.416424,0.000000,0.626387,0.416424,0.000000,0.626387,0.416424,0.000000,0.626387,0.416424,0.000000,0.626387,0.416424,0.000000,0.626387,0.416424,0.000000
20.000000,0.000000,0.200508,0.711938,0.401016,0.537208,0.401016,0.443333,1.000000,0.372372,0.481705,1.000000,0.343728,0.520077,1.000000,0.315084,0.558449,1.000000,0.286440,0.596821,1.000000,0.257796,0.635193,1.000000,0.229152,0.673565,1.000000,0.200508,0.711938,1.000000,0.171864,0.750310,1.000000,0.143220,0.788682,1.000000,0.114576,0.827054,1.000000,0.085932,0.865426,1.000000,0.057288,0.903798,1.000000,0.028644,0.942170,1.000000,0.000000,0.980542,1.000000
20.000000,0.000000,0.760710,0.648257,0.478016,0.419333,0.521984,0.437583,1.000000,0.555961,0.468132,1.000000,0.589938,0.498682,1.000000,0.623915,0.529231,1.000000,0.657974,0.559489,1.000000,0.692176,0.589231,1.000000,0.726379,0.618974,1.000000,0.760582,0.648717,1.000000,0.794784,0.678460,1.000000,0.828987,0.708203,1.000000,0.863190,0.737945,1.000000,0.897392,0.767688,1.000000,0.931595,0.797431,1.000000,0.965797,0.827174,1.000000,1.000000,0.856917,1.000000
22.000000,1.000000,0.824219,0.339583,0.104688,0.079167,0.824219,0.339583,0.000000,0.824219,0.339583,0.000000,0.824219,0.339583,0.000000,0.824219,0.339583,0.000000,0.824219,0.339583,0.000000,0.824219,0.339583,0.000000,0.824219,0.339583,0.000000,0.824219,0.339583,0.000000,0.824219,0.339583,0.000000,0.824219,0.339583,0.000000,0.824219,0.339583,0.000000,0.824219,0.339583,0.000000,0.824219,0.339583,0.000000,0.824219,0.339583,0.000000,0.824219,0.339583,0.000000
22.000000,1.000000,0.429688,0.333333,0.015625,0.022222,0.429688,0.333333,0.000000,0.429688,0.333333,0.000000,0.429688,0.333333,0.000000,0.429688,0.333333,0.000000,0.429688,0.333333,0.000000,0.429688,0.333333,0.000000,0.429688,0.333333,0.000000,0.429688,0.333333,0.000000,0.429688,0.333333,0.000000,0.429688,0.333333,0.000000,0.429688,0.333333,0.000000,0.429688,0.333333,0.000000,0.429688,0.333333,0.000000,0.429688,0.333333,0.000000,0.429688,0.333333,0.000000
22.000000,1.000000,0.391469,0.327222,0.017188,0.020278,0.391469,0.327222,0.000000,0.391469,0.327222,0.000000,0.391469,0.327222,0.000000,0.391469,0.327222,0.000000,0.391469,0.327222,0.000000,0.391469,0.327222,0.000000,0.391469,0.327222,0.000000,0.391469,0.327222,0.000000,0.391469,0.327222,0.000000,0.391469,0.327222,0.000000,0.391469,0.327222,0.000000,0.391469,0.327222,0.000000,0.391469,0.327222,0.000000,0.391469,0.327222,0.000000,0.391469,0.327222,0.000000
22.000000,1.000000,0.932031,0.342361,0.135937,0.106944,0.932031,0.342361,0.000000,0.932031,0.342361,0.000000,0.932031,0.342361,0.000000,0.932031,0.342361,0.000000,0.932031,0.342361,0.000000,0.932031,0.342361,0.000000,0.932031,0.342361,0.000000,0.932031,0.342361,0.000000,0.932031,0.342361,0.000000,0.932031,0.342361,0.000000,0.932031,0.342361,0.000000,0.932031,0.342361,0.000000,0.932031,0.342361,0.000000,0.932031,0.342361,0.000000,0.932031,0.342361,0.000000
22.000000,0.000000,0.122565,0.607917,0.245445,0.224403,0.245445,0.496264,1.000000,0.227822,0.511974,1.000000,0.210199,0.527684,1.000000,0.192576,0.543394,1.000000,0.174989,0.559231,1.000000,0.157490,0.575374,1.000000,0.139991,0.591518,1.000000,0.122492,0.607662,1.000000,0.104993,0.623805,1.000000,0.087494,0.639949,1.000000,0.069995,0.656092,1.000000,0.052497,0.672236,1.000000,0.034998,0.688380,1.000000,0.017499,0.704523,1.000000,0.000000,0.720667,1.000000
22.000000,0.000000,0.802747,0.679235,0.396156,0.393333,0.603844,0.485181,1.000000,0.632193,0.513131,1.000000,0.660555,0.541038,1.000000,0.689186,0.568064,1.000000,0.717817,0.595090,1.000000,0.746448,0.622116,1.000000,0.775080,0.649142,1.000000,0.803711,0.676168,1.000000,0.832107,0.703942,1.000000,0.860089,0.733038,1.000000,0.888071,0.762133,1.000000,0.916054,0.791228,1.000000,0.944036,0.820323,1.000000,0.972018,0.849419,1.000000,1.000000,0.878514,1.000000
24.000000,1.000000,0.169141,0.411806,0.092969,0.098611,0.169141,0.411806,0.000000,0.169141,0.411806,0.000000,0.169141,0.411806,0.000000,0.169141,0.411806,0.000000,0.169141,0.411806,0.000000,0.169141,0.411806,0.000000,0.169141,0.411806,0.000000,0.169141,0.411806,0.000000,0.169141,0.411806,0.000000,0.169141,0.411806,0.000000,0.169141,0.411806,0.000000,0.169141,0.411806,0.000000,0.169141,0.411806,0.000000,0.169141,0.411806,0.000000,0.169141,0.411806,0.000000
24.000000,1.000000,0.439063,0.356944,0.042188,0.102778,0.439063,0.356944,0.000000,0.439063,0.356944,0.000000,0.439063,0.356944,0.000000,0.439063,0.356944,0.000000,0.439063,0.356944,0.000000,0.439063,0.356944,0.000000,0.439063,0.356944,0.000000,0.439063,0.356944,0.000000,0.439063,0.356944,0.000000,0.439063,0.356944,0.000000,0.439063,0.356944,0.000000,0.439063,0.356944,0.000000,0.439063,0.356944,0.000000,0.439063,0.356944,0.000000,0.439063,0.356944,0.000000
24.000000,0.000000,0.196007,0.468657,0.391898,0.176292,0.391898,0.380111,1.000000,0.363973,0.393168,1.000000,0.336036,0.406148,1.000000,0.308033,0.418669,1.000000,0.280030,0.431190,1.000000,0.252027,0.443711,1.000000,0.224024,0.456233,1.000000,0.196021,0.468754,1.000000,0.168018,0.481275,1.000000,0.140015,0.493796,1.000000,0.112012,0.506318,1.000000,0.084009,0.518839,1.000000,0.056006,0.531360,1.000000,0.028003,0.543882,1.000000,0.000000,0.556403,1.000000
24.000000,0.000000,0.207241,0.622176,0.414828,0.469361,0.414828,0.387986,1.000000,0.384913,0.420705,1.000000,0.355212,0.454030,1.000000,0.325611,0.487640,1.000000,0.296010,0.521250,1.000000,0.266409,0.554859,1.000000,0.236808,0.588469,1.000000,0.207207,0.622079,1.000000,0.177606,0.655689,1.000000,0.148005,0.689298,1.000000,0.118404,0.722908,1.000000,0.088803,0.756518,1.000000,0.059202,0.790128,1.000000,0.029601,0.823737,1.000000,0.000000,0.857347,1.000000
24.000000,0.000000,0.651678,0.693999,0.384828,0.614347,0.459891,0.385653,1.000000,0.485973,0.432169,1.000000,0.513601,0.475784,1.000000,0.541229,0.519400,1.000000,0.568821,0.563086,1.000000,0.596411,0.606778,1.000000,0.624001,0.650469,1.000000,0.651590,0.694161,1.000000,0.679180,0.737852,1.000000,0.706770,0.781543,1.000000,0.734360,0.825235,1.000000,0.761949,0.868926,1.000000,0.789539,0.912617,1.000000,0.817129,0.956309,1.000000,0.844719,1.000000,1.000000
25.000000,5.000000,0.881926,0.198049,0.035086,0.063458,0.881926,0.198049,0.000000,0.881926,0.198049,0.000000,0.881926,0.198049,0.000000,0.881926,0.198049,0.000000,0.881926,0.198049,0.000000,0.881926,0.198049,0.000000,0.881926,0.198049,0.000000,0.881926,0.198049,0.000000,0.881926,0.198049,0.000000,0.881926,0.198049,0.000000,0.881926,0.198049,0.000000,0.881926,0.198049,0.000000,0.881926,0.198049,0.000000,0.881926,0.198049,0.000000,0.881926,0.198049,0.000000
25.000000,1.000000,0.628047,0.367014,0.053437,0.065694,0.628047,0.367014,0.000000,0.628047,0.367014,0.000000,0.628047,0.367014,0.000000,0.628047,0.367014,0.000000,0.628047,0.367014,0.000000,0.628047,0.367014,0.000000,0.628047,0.367014,0.000000,0.628047,0.367014,0.000000,0.628047,0.367014,0.000000,0.628047,0.367014,0.000000,0.628047,0.367014,0.000000,0.628047,0.367014,0.000000,0.628047,0.367014,0.000000,0.628047,0.367014,0.000000,0.628047,0.367014,0.000000
25.000000,1.000000,0.384531,0.366528,0.033906,0.057500,0.384531,0.366528,0.000000,0.384531,0.366528,0.000000,0.384531,0.366528,0.000000,0.384531,0.366528,0.000000,0.384531,0.366528,0.000000,0.384531,0.366528,0.000000,0.384531,0.366528,0.000000,0.384531,0.366528,0.000000,0.384531,0.366528,0.000000,0.384531,0.366528,0.000000,0.384531,0.366528,0.000000,0.384531,0.366528,0.000000,0.384531,0.366528,0.000000,0.384531,0.366528,0.000000,0.384531,0.366528,0.000000
25.000000,0.000000,0.709014,0.605218,0.596781,0.515347,0.403219,0.380889,1.000000,0.450633,0.392185,1.000000,0.497498,0.408843,1.000000,0.543344,0.432994,1.000000,0.586679,0.468785,1.000000,0.629395,0.507065,1.000000,0.671996,0.545756,1.000000,0.713110,0.589201,1.000000,0.754094,0.633063,1.000000,0.795079,0.676925,1.000000,0.836063,0.720788,1.000000,0.877047,0.764650,1.000000,0.918031,0.808512,1.000000,0.959016,0.852374,1.000000,1.000000,0.896236,1.000000
25.000000,0.000000,0.204864,0.673015,0.378480,0.575139,0.344156,0.385625,1.000000,0.378480,0.410462,1.000000,0.360144,0.466804,1.000000,0.331203,0.510169,1.000000,0.301550,0.552173,1.000000,0.271485,0.593236,1.000000,0.241320,0.634072,1.000000,0.211155,0.674909,1.000000,0.180990,0.715745,1.000000,0.150825,0.756582,1.000000,0.120660,0.797418,1.000000,0.090495,0.838255,1.000000,0.060330,0.879091,1.000000,0.030165,0.919927,1.000000,0.000000,0.960764,1.000000
26.000000,6.000000,0.306641,0.306750,0.023406,0.037722,0.306641,0.306750,0.000000,0.306641,0.306750,0.000000,0.306641,0.306750,0.000000,0.306641,0.306750,0.000000,0.306641,0.306750,0.000000,0.306641,0.306750,0.000000,0.306641,0.306750,0.000000,0.306641,0.306750,0.000000,0.306641,0.306750,0.000000,0.306641,0.306750,0.000000,0.306641,0.306750,0.000000,0.306641,0.306750,0.000000,0.306641,0.306750,0.000000,0.306641,0.306750,0.000000,0.306641,0.306750,0.000000
26.000000,0.000000,0.300799,0.546130,0.611914,0.384056,0.611914,0.384319,1.000000,0.565381,0.390121,1.000000,0.519703,0.406402,1.000000,0.473964,0.422349,1.000000,0.428911,0.443816,1.000000,0.384453,0.468801,1.000000,0.340958,0.498813,1.000000,0.297997,0.531163,1.000000,0.255037,0.563517,1.000000,0.212101,0.595969,1.000000,0.169164,0.628422,1.000000,0.126228,0.660875,1.000000,0.084110,0.696545,1.000000,0.042055,0.732460,1.000000,0.000000,0.768375,1.000000
26.000000,0.000000,0.779019,0.671832,0.390166,0.559889,0.676312,0.390972,1.000000,0.637206,0.409315,1.000000,0.609834,0.456044,1.000000,0.628409,0.516196,1.000000,0.659978,0.560959,1.000000,0.694147,0.599488,1.000000,0.728317,0.638017,1.000000,0.762486,0.676546,1.000000,0.796655,0.715075,1.000000,0.830646,0.754096,1.000000,0.864517,0.793449,1.000000,0.898388,0.832802,1.000000,0.932258,0.872155,1.000000,0.966129,0.911508,1.000000,1.000000,0.950861,1.000000
27.000000,1.000000,0.637441,0.389250,0.090945,0.172333,0.637441,0.389250,0.000000,0.637441,0.389250,0.000000,0.637441,0.389250,0.000000,0.637441,0.389250,0.000000,0.637441,0.389250,0.000000,0.637441,0.389250,0.000000,0.637441,0.389250,0.000000,0.637441,0.389250,0.000000,0.637441,0.389250,0.000000,0.637441,0.389250,0.000000,0.637441,0.389250,0.000000,0.637441,0.389250,0.000000,0.637441,0.389250,0.000000,0.637441,0.389250,0.000000,0.637441,0.389250,0.000000
27.000000,1.000000,0.562414,0.373549,0.030922,0.095403,0.562414,0.373549,0.000000,0.562414,0.373549,0.000000,0.562414,0.373549,0.000000,0.562414,0.373549,0.000000,0.562414,0.373549,0.000000,0.562414,0.373549,0.000000,0.562414,0.373549,0.000000,0.562414,0.373549,0.000000,0.562414,0.373549,0.000000,0.562414,0.373549,0.000000,0.562414,0.373549,0.000000,0.562414,0.373549,0.000000,0.562414,0.373549,0.000000,0.562414,0.373549,0.000000,0.562414,0.373549,0.000000
27.000000,1.000000,0.730469,0.431250,0.184375,0.223611,0.730469,0.431250,0.000000,0.730469,0.431250,0.000000,0.730469,0.431250,0.000000,0.730469,0.431250,0.000000,0.730469,0.431250,0.000000,0.730469,0.431250,0.000000,0.730469,0.431250,0.000000,0.730469,0.431250,0.000000,0.730469,0.431250,0.000000,0.730469,0.431250,0.000000,0.730469,0.431250,0.000000,0.730469,0.431250,0.000000,0.730469,0.431250,0.000000,0.730469,0.431250,0.000000,0.730469,0.431250,0.000000
27.000000,1.000000,0.583984,0.374306,0.041406,0.134722,0.583984,0.374306,0.000000,0.583984,0.374306,0.000000,0.583984,0.374306,0.000000,0.583984,0.374306,0.000000,0.583984,0.374306,0.000000,0.583984,0.374306,0.000000,0.583984,0.374306,0.000000,0.583984,0.374306,0.000000,0.583984,0.374306,0.000000,0.583984,0.374306,0.000000,0.583984,0.374306,0.000000,0.583984,0.374306,0.000000,0.583984,0.374306,0.000000,0.583984,0.374306,0.000000,0.583984,0.374306,0.000000
27.000000,0.000000,0.199981,0.599200,0.399867,0.432764,0.399867,0.382694,1.000000,0.371664,0.414632,1.000000,0.343142,0.445663,1.000000,0.314452,0.476202,1.000000,0.285752,0.506711,1.000000,0.257021,0.537126,1.000000,0.228289,0.567542,1.000000,0.199704,0.598384,1.000000,0.171254,0.629624,1.000000,0.142803,0.660863,1.000000,0.114305,0.691963,1.000000,0.085729,0.722837,1.000000,0.057153,0.753711,1.000000,0.028576,0.784585,1.000000,0.000000,0.815458,1.000000
27.000000,0.000000,0.751091,0.637477,0.497891,0.513431,0.502109,0.380903,1.000000,0.537241,0.418880,1.000000,0.572525,0.456409,1.000000,0.607857,0.493774,1.000000,0.643810,0.529243,1.000000,0.679762,0.564712,1.000000,0.715522,0.600793,1.000000,0.751267,0.636918,1.000000,0.787013,0.673044,1.000000,0.822758,0.709170,1.000000,0.858503,0.745295,1.000000,0.894003,0.782171,1.000000,0.929335,0.819559,1.000000,0.964668,0.856946,1.000000,1.000000,0.894333,1.000000
28.000000,1.000000,0.403867,0.323472,0.012422,0.021944,0.403867,0.323472,0.000000,0.403867,0.323472,0.000000,0.403867,0.323472,0.000000,0.403867,0.323472,0.000000,0.403867,0.323472,0.000000,0.403867,0.323472,0.000000,0.403867,0.323472,0.000000,0.403867,0.323472,0.000000,0.403867,0.323472,0.000000,0.403867,0.323472,0.000000,0.403867,0.323472,0.000000,0.403867,0.323472,0.000000,0.403867,0.323472,0.000000,0.403867,0.323472,0.000000,0.403867,0.323472,0.000000
28.000000,1.000000,0.675781,0.342361,0.160938,0.259722,0.675781,0.342361,0.000000,0.675781,0.342361,0.000000,0.675781,0.342361,0.000000,0.675781,0.342361,0.000000,0.675781,0.342361,0.000000,0.675781,0.342361,0.000000,0.675781,0.342361,0.000000,0.675781,0.342361,0.000000,0.675781,0.342361,0.000000,0.675781,0.342361,0.000000,0.675781,0.342361,0.000000,0.675781,0.342361,0.000000,0.675781,0.342361,0.000000,0.675781,0.342361,0.000000,0.675781,0.342361,0.000000
28.000000,1.000000,0.435156,0.320833,0.014063,0.019444,0.435156,0.320833,0.000000,0.435156,0.320833,0.000000,0.435156,0.320833,0.000000,0.435156,0.320833,0.000000,0.435156,0.320833,0.000000,0.435156,0.320833,0.000000,0.435156,0.320833,0.000000,0.435156,0.320833,0.000000,0.435156,0.320833,0.000000,0.435156,0.320833,0.000000,0.435156,0.320833,0.000000,0.435156,0.320833,0.000000,0.435156,0.320833,0.000000,0.435156,0.320833,0.000000,0.435156,0.320833,0.000000
28.000000,1.000000,0.309375,0.337500,0.021875,0.030556,0.309375,0.337500,0.000000,0.309375,0.337500,0.000000,0.309375,0.337500,0.000000,0.309375,0.337500,0.000000,0.309375,0.337500,0.000000,0.309375,0.337500,0.000000,0.309375,0.337500,0.000000,0.309375,0.337500,0.000000,0.309375,0.337500,0.000000,0.309375,0.337500,0.000000,0.309375,0.337500,0.000000,0.309375,0.337500,0.000000,0.309375,0.337500,0.000000,0.309375,0.337500,0.000000,0.309375,0.337500,0.000000
28.000000,1.000000,0.120313,0.367361,0.040625,0.051389,0.120313,0.367361,0.000000,0.120313,0.367361,0.000000,0.120313,0.367361,0.000000,0.120313,0.367361,0.000000,0.120313,0.367361,0.000000,0.120313,0.367361,0.000000,0.120313,0.367361,0.000000,0.120313,0.367361,0.000000,0.120313,0.367361,0.000000,0.120313,0.367361,0.000000,0.120313,0.367361,0.000000,0.120313,0.367361,0.000000,0.120313,0.367361,0.000000,0.120313,0.367361,0.000000,0.120313,0.367361,0.000000
28.000000,4.000000,0.439902,0.175868,0.025320,0.016069,0.439902,0.175868,0.000000,0.439902,0.175868,0.000000,0.439902,0.175868,0.000000,0.439902,0.175868,0.000000,0.439902,0.175868,0.000000,0.439902,0.175868,0.000000,0.439902,0.175868,0.000000,0.439902,0.175868,0.000000,0.439902,0.175868,0.000000,0.439902,0.175868,0.000000,0.439902,0.175868,0.000000,0.439902,0.175868,0.000000,0.439902,0.175868,0.000000,0.439902,0.175868,0.000000,0.439902,0.175868,0.000000
28.000000,6.000000,0.436023,0.075458,0.013750,0.026750,0.436023,0.075458,0.000000,0.436023,0.075458,0.000000,0.436023,0.075458,0.000000,0.436023,0.075458,0.000000,0.436023,0.075458,0.000000,0.436023,0.075458,0.000000,0.436023,0.075458,0.000000,0.436023,0.075458,0.000000,0.436023,0.075458,0.000000,0.436023,0.075458,0.000000,0.436023,0.075458,0.000000,0.436023,0.075458,0.000000,0.436023,0.075458,0.000000,0.436023,0.075458,0.000000,0.436023,0.075458,0.000000
28.000000,6.000000,0.516266,0.071403,0.013328,0.026750,0.516266,0.071403,0.000000,0.516266,0.071403,0.000000,0.516266,0.071403,0.000000,0.516266,0.071403,0.000000,0.516266,0.071403,0.000000,0.516266,0.071403,0.000000,0.516266,0.071403,0.000000,0.516266,0.071403,0.000000,0.516266,0.071403,0.000000,0.516266,0.071403,0.000000,0.516266,0.071403,0.000000,0.516266,0.071403,0.000000,0.516266,0.071403,0.000000,0.516266,0.071403,0.000000,0.516266,0.071403,0.000000
28.000000,6.000000,0.514977,0.034333,0.012891,0.023694,0.514977,0.034333,0.000000,0.514977,0.034333,0.000000,0.514977,0.034333,0.000000,0.514977,0.034333,0.000000,0.514977,0.034333,0.000000,0.514977,0.034333,0.000000,0.514977,0.034333,0.000000,0.514977,0.034333,0.000000,0.514977,0.034333,0.000000,0.514977,0.034333,0.000000,0.514977,0.034333,0.000000,0.514977,0.034333,0.000000,0.514977,0.034333,0.000000,0.514977,0.034333,0.000000,0.514977,0.034333,0.000000
28.000000,1.000000,0.208594,0.354167,0.034375,0.047222,0.208594,0.354167,0.000000,0.208594,0.354167,0.000000,0.208594,0.354167,0.000000,0.208594,0.354167,0.000000,0.208594,0.354167,0.000000,0.208594,0.354167,0.000000,0.208594,0.354167,0.000000,0.208594,0.354167,0.000000,0.208594,0.354167,0.000000,0.208594,0.354167,0.000000,0.208594,0.354167,0.000000,0.208594,0.354167,0.000000,0.208594,0.354167,0.000000,0.208594,0.354167,0.000000,0.208594,0.354167,0.000000
28.000000,1.000000,0.535156,0.344444,0.029687,0.072222,0.535156,0.344444,0.000000,0.535156,0.344444,0.000000,0.535156,0.344444,0.000000,0.535156,0.344444,0.000000,0.535156,0.344444,0.000000,0.535156,0.344444,0.000000,0.535156,0.344444,0.000000,0.535156,0.344444,0.000000,0.535156,0.344444,0.000000,0.535156,0.344444,0.000000,0.535156,0.344444,0.000000,0.535156,0.344444,0.000000,0.535156,0.344444,0.000000,0.535156,0.344444,0.000000,0.535156,0.344444,0.000000
28.000000,1.000000,0.374219,0.326389,0.014063,0.019444,0.374219,0.326389,0.000000,0.374219,0.326389,0.000000,0.374219,0.326389,0.000000,0.374219,0.326389,0.000000,0.374219,0.326389,0.000000,0.374219,0.326389,0.000000,0.374219,0.326389,0.000000,0.374219,0.326389,0.000000,0.374219,0.326389,0.000000,0.374219,0.326389,0.000000,0.374219,0.326389,0.000000,0.374219,0.326389,0.000000,0.374219,0.326389,0.000000,0.374219,0.326389,0.000000,0.374219,0.326389,0.000000
28.000000,1.000000,0.554754,0.345681,0.026898,0.116278,0.554754,0.345681,0.000000,0.554754,0.345681,0.000000,0.554754,0.345681,0.000000,0.554754,0.345681,0.000000,0.554754,0.345681,0.000000,0.554754,0.345681,0.000000,0.554754,0.345681,0.000000,0.554754,0.345681,0.000000,0.554754,0.345681,0.000000,0.554754,0.345681,0.000000,0.554754,0.345681,0.000000,0.554754,0.345681,0.000000,0.554754,0.345681,0.000000,0.554754,0.345681,0.000000,0.554754,0.345681,0.000000
28.000000,1.000000,0.586328,0.333333,0.055469,0.188889,0.586328,0.333333,0.000000,0.586328,0.333333,0.000000,0.586328,0.333333,0.000000,0.586328,0.333333,0.000000,0.586328,0.333333,0.000000,0.586328,0.333333,0.000000,0.586328,0.333333,0.000000,0.586328,0.333333,0.000000,0.586328,0.333333,0.000000,0.586328,0.333333,0.000000,0.586328,0.333333,0.000000,0.586328,0.333333,0.000000,0.586328,0.333333,0.000000,0.586328,0.333333,0.000000,0.586328,0.333333,0.000000
28.000000,0.000000,0.214925,0.649215,0.427633,0.584194,0.429352,0.358750,1.000000,0.397720,0.397496,1.000000,0.367020,0.438899,1.000000,0.336578,0.480903,1.000000,0.306136,0.522907,1.000000,0.275694,0.564910,1.000000,0.245253,0.606914,1.000000,0.214811,0.648918,1.000000,0.184369,0.690922,1.000000,0.153927,0.732926,1.000000,0.123486,0.774929,1.000000,0.093044,0.816933,1.000000,0.062602,0.858937,1.000000,0.032160,0.900941,1.000000,0.001719,0.942944,1.000000
28.000000,0.000000,0.190938,0.454706,0.382266,0.194875,0.382266,0.358486,1.000000,0.354879,0.371894,1.000000,0.327492,0.385301,1.000000,0.300106,0.398709,1.000000,0.272719,0.412117,1.000000,0.245333,0.425524,1.000000,0.218061,0.439651,1.000000,0.190804,0.453865,1.000000,0.163546,0.468078,1.000000,0.136288,0.482292,1.000000,0.109031,0.496506,1.000000,0.081773,0.510720,1.000000,0.054515,0.524934,1.000000,0.027258,0.539147,1.000000,0.000000,0.553361,1.000000
28.000000,0.000000,0.744968,0.642630,0.508984,0.569194,0.491016,0.356528,1.000000,0.526993,0.398242,1.000000,0.562969,0.439956,1.000000,0.598946,0.481671,1.000000,0.635382,0.522104,1.000000,0.671844,0.562466,1.000000,0.708306,0.602828,1.000000,0.744768,0.643190,1.000000,0.781229,0.683552,1.000000,0.817691,0.723913,1.000000,0.854153,0.764275,1.000000,0.890615,0.804637,1.000000,0.927076,0.844999,1.000000,0.963538,0.885360,1.000000,1.000000,0.925722,1.000000
29.000000,1.000000,0.354687,0.358333,0.028125,0.044444,0.354687,0.358333,0.000000,0.354687,0.358333,0.000000,0.354687,0.358333,0.000000,0.354687,0.358333,0.000000,0.354687,0.358333,0.000000,0.354687,0.358333,0.000000,0.354687,0.358333,0.000000,0.354687,0.358333,0.000000,0.354687,0.358333,0.000000,0.354687,0.358333,0.000000,0.354687,0.358333,0.000000,0.354687,0.358333,0.000000,0.354687,0.358333,0.000000,0.354687,0.358333,0.000000,0.354687,0.358333,0.000000
29.000000,1.000000,0.391016,0.327083,0.053906,0.120833,0.391016,0.327083,0.000000,0.391016,0.327083,0.000000,0.391016,0.327083,0.000000,0.391016,0.327083,0.000000,0.391016,0.327083,0.000000,0.391016,0.327083,0.000000,0.391016,0.327083,0.000000,0.391016,0.327083,0.000000,0.391016,0.327083,0.000000,0.391016,0.327083,0.000000,0.391016,0.327083,0.000000,0.391016,0.327083,0.000000,0.391016,0.327083,0.000000,0.391016,0.327083,0.000000,0.391016,0.327083,0.000000
29.000000,1.000000,0.464844,0.320139,0.051562,0.126389,0.464844,0.320139,0.000000,0.464844,0.320139,0.000000,0.464844,0.320139,0.000000,0.464844,0.320139,0.000000,0.464844,0.320139,0.000000,0.464844,0.320139,0.000000,0.464844,0.320139,0.000000,0.464844,0.320139,0.000000,0.464844,0.320139,0.000000,0.464844,0.320139,0.000000,0.464844,0.320139,0.000000,0.464844,0.320139,0.000000,0.464844,0.320139,0.000000,0.464844,0.320139,0.000000,0.464844,0.320139,0.000000
29.000000,0.000000,0.184772,0.462493,0.369844,0.160194,0.369844,0.383528,1.000000,0.343473,0.395319,1.000000,0.317004,0.406374,1.000000,0.290447,0.416762,1.000000,0.263890,0.427150,1.000000,0.237385,0.437932,1.000000,0.211009,0.449686,1.000000,0.184633,0.461441,1.000000,0.158257,0.473195,1.000000,0.131881,0.484950,1.000000,0.105505,0.496704,1.000000,0.079128,0.508459,1.000000,0.052752,0.520213,1.000000,0.026376,0.531968,1.000000,0.000000,0.543722,1.000000
29.000000,0.000000,0.220291,0.635113,0.440195,0.535083,0.440195,0.367083,1.000000,0.409113,0.406211,1.000000,0.377701,0.444510,1.000000,0.346226,0.482648,1.000000,0.314751,0.520786,1.000000,0.283276,0.558924,1.000000,0.251800,0.597062,1.000000,0.220325,0.635200,1.000000,0.188850,0.673339,1.000000,0.157375,0.711477,1.000000,0.125900,0.749615,1.000000,0.094425,0.787753,1.000000,0.062950,0.825891,1.000000,0.031475,0.864029,1.000000,0.000000,0.902167,1.000000
29.000000,0.000000,0.734790,0.685730,0.490602,0.623875,0.488563,0.376125,1.000000,0.524362,0.418755,1.000000,0.559735,0.462492,1.000000,0.595030,0.506432,1.000000,0.630325,0.550371,1.000000,0.665602,0.594354,1.000000,0.700442,0.639426,1.000000,0.735283,0.684498,1.000000,0.770123,0.729569,1.000000,0.804963,0.774641,1.000000,0.839803,0.819713,1.000000,0.874643,0.864785,1.000000,0.909484,0.909856,1.000000,0.944324,0.954928,1.000000,0.979164,1.000000,1.000000
30.000000,1.000000,0.451172,0.352083,0.016406,0.023611,0.451172,0.352083,0.000000,0.451172,0.352083,0.000000,0.451172,0.352083,0.000000,0.451172,0.352083,0.000000,0.451172,0.352083,0.000000,0.451172,0.352083,0.000000,0.451172,0.352083,0.000000,0.451172,0.352083,0.000000,0.451172,0.352083,0.000000,0.451172,0.352083,0.000000,0.451172,0.352083,0.000000,0.451172,0.352083,0.000000,0.451172,0.352083,0.000000,0.451172,0.352083,0.000000,0.451172,0.352083,0.000000
30.000000,1.000000,0.528906,0.327778,0.071875,0.127778,0.528906,0.327778,0.000000,0.528906,0.327778,0.000000,0.528906,0.327778,0.000000,0.528906,0.327778,0.000000,0.528906,0.327778,0.000000,0.528906,0.327778,0.000000,0.528906,0.327778,0.000000,0.528906,0.327778,0.000000,0.528906,0.327778,0.000000,0.528906,0.327778,0.000000,0.528906,0.327778,0.000000,0.528906,0.327778,0.000000,0.528906,0.327778,0.000000,0.528906,0.327778,0.000000,0.528906,0.327778,0.000000
30.000000,1.000000,0.423438,0.352083,0.015625,0.026389,0.423438,0.352083,0.000000,0.423438,0.352083,0.000000,0.423438,0.352083,0.000000,0.423438,0.352083,0.000000,0.423438,0.352083,0.000000,0.423438,0.352083,0.000000,0.423438,0.352083,0.000000,0.423438,0.352083,0.000000,0.423438,0.352083,0.000000,0.423438,0.352083,0.000000,0.423438,0.352083,0.000000,0.423438,0.352083,0.000000,0.423438,0.352083,0.000000,0.423438,0.352083,0.000000,0.423438,0.352083,0.000000
30.000000,1.000000,0.367969,0.370139,0.051562,0.076389,0.367969,0.370139,0.000000,0.367969,0.370139,0.000000,0.367969,0.370139,0.000000,0.367969,0.370139,0.000000,0.367969,0.370139,0.000000,0.367969,0.370139,0.000000,0.367969,0.370139,0.000000,0.367969,0.370139,0.000000,0.367969,0.370139,0.000000,0.367969,0.370139,0.000000,0.367969,0.370139,0.000000,0.367969,0.370139,0.000000,0.367969,0.370139,0.000000,0.367969,0.370139,0.000000,0.367969,0.370139,0.000000
30.000000,0.000000,0.199675,0.467667,0.399680,0.191597,0.399680,0.372986,1.000000,0.370985,0.385676,1.000000,0.342290,0.398366,1.000000,0.313705,0.411806,1.000000,0.285183,0.425674,1.000000,0.256661,0.439542,1.000000,0.228140,0.453410,1.000000,0.199621,0.467301,1.000000,0.171104,0.481199,1.000000,0.142587,0.495096,1.000000,0.114069,0.508994,1.000000,0.085552,0.522891,1.000000,0.057035,0.536789,1.000000,0.028517,0.550686,1.000000,0.000000,0.564583,1.000000
30.000000,0.000000,0.216968,0.683489,0.434625,0.622653,0.434625,0.372944,1.000000,0.402860,0.415785,1.000000,0.371851,0.460342,1.000000,0.340863,0.504947,1.000000,0.309876,0.549551,1.000000,0.278888,0.594156,1.000000,0.247901,0.638760,1.000000,0.216913,0.683365,1.000000,0.185926,0.727970,1.000000,0.154938,0.772574,1.000000,0.123950,0.817179,1.000000,0.092963,0.861783,1.000000,0.061975,0.906388,1.000000,0.030988,0.950993,1.000000,0.000000,0.995597,1.000000
30.000000,0.000000,0.736209,0.680654,0.528539,0.628000,0.471461,0.367986,1.000000,0.510238,0.409988,1.000000,0.547912,0.455065,1.000000,0.585586,0.500142,1.000000,0.623260,0.545218,1.000000,0.660934,0.590295,1.000000,0.698608,0.635372,1.000000,0.736282,0.680449,1.000000,0.773956,0.725526,1.000000,0.811630,0.770602,1.000000,0.849304,0.815679,1.000000,0.886978,0.860756,1.000000,0.924652,0.905833,1.000000,0.962326,0.950909,1.000000,1.000000,0.995986,1.000000
30.000000,0.000000,0.781397,0.470484,0.437117,0.165569,0.562883,0.387333,1.000000,0.594066,0.399483,1.000000,0.625250,0.411633,1.000000,0.656460,0.423564,1.000000,0.687691,0.435323,1.000000,0.718922,0.447081,1.000000,0.750152,0.458839,1.000000,0.781383,0.470597,1.000000,0.812614,0.482355,1.000000,0.843845,0.494113,1.000000,0.875076,0.505871,1.000000,0.906307,0.517629,1.000000,0.937538,0.529387,1.000000,0.968769,0.541145,1.000000,1.000000,0.552903,1.000000
31.000000,1.000000,0.244922,0.388889,0.052344,0.077778,0.244922,0.388889,0.000000,0.244922,0.388889,0.000000,0.244922,0.388889,0.000000,0.244922,0.388889,0.000000,0.244922,0.388889,0.000000,0.244922,0.388889,0.000000,0.244922,0.388889,0.000000,0.244922,0.388889,0.000000,0.244922,0.388889,0.000000,0.244922,0.388889,0.000000,0.244922,0.388889,0.000000,0.244922,0.388889,0.000000,0.244922,0.388889,0.000000,0.244922,0.388889,0.000000,0.244922,0.388889,0.000000
31.000000,1.000000,0.464062,0.302778,0.392188,0.605556,0.464062,0.302778,0.000000,0.464062,0.302778,0.000000,0.464062,0.302778,0.000000,0.464062,0.302778,0.000000,0.464062,0.302778,0.000000,0.464062,0.302778,0.000000,0.464062,0.302778,0.000000,0.464062,0.302778,0.000000,0.464062,0.302778,0.000000,0.464062,0.302778,0.000000,0.464062,0.302778,0.000000,0.464062,0.302778,0.000000,0.464062,0.302778,0.000000,0.464062,0.302778,0.000000,0.464062,0.302778,0.000000
31.000000,1.000000,0.065234,0.430556,0.130469,0.152778,0.065234,0.430556,0.000000,0.065234,0.430556,0.000000,0.065234,0.430556,0.000000,0.065234,0.430556,0.000000,0.065234,0.430556,0.000000,0.065234,0.430556,0.000000,0.065234,0.430556,0.000000,0.065234,0.430556,0.000000,0.065234,0.430556,0.000000,0.065234,0.430556,0.000000,0.065234,0.430556,0.000000,0.065234,0.430556,0.000000,0.065234,0.430556,0.000000,0.065234,0.430556,0.000000,0.065234,0.430556,0.000000
31.000000,1.000000,0.187500,0.391667,0.056250,0.083333,0.187500,0.391667,0.000000,0.187500,0.391667,0.000000,0.187500,0.391667,0.000000,0.187500,0.391667,0.000000,0.187500,0.391667,0.000000,0.187500,0.391667,0.000000,0.187500,0.391667,0.000000,0.187500,0.391667,0.000000,0.187500,0.391667,0.000000,0.187500,0.391667,0.000000,0.187500,0.391667,0.000000,0.187500,0.391667,0.000000,0.187500,0.391667,0.000000,0.187500,0.391667,0.000000,0.187500,0.391667,0.000000
31.000000,0.000000,0.819547,0.772569,0.360906,0.393306,0.639094,0.575917,1.000000,0.664873,0.604010,1.000000,0.690652,0.632103,1.000000,0.716431,0.660196,1.000000,0.742210,0.688290,1.000000,0.767989,0.716383,1.000000,0.793768,0.744476,1.000000,0.819547,0.772569,1.000000,0.845326,0.800663,1.000000,0.871105,0.828756,1.000000,0.896884,0.856849,1.000000,0.922663,0.884942,1.000000,0.948442,0.913036,1.000000,0.974221,0.941129,1.000000,1.000000,0.969222,1.000000
31.000000,0.000000,0.194383,0.792111,0.208969,0.415778,0.298867,0.584222,1.000000,0.283941,0.613921,1.000000,0.269015,0.643619,1.000000,0.254088,0.673317,1.000000,0.239162,0.703016,1.000000,0.224235,0.732714,1.000000,0.209309,0.762413,1.000000,0.194383,0.792111,1.000000,0.179456,0.821810,1.000000,0.164530,0.851508,1.000000,0.149604,0.881206,1.000000,0.134677,0.910905,1.000000,0.119751,0.940603,1.000000,0.104825,0.970302,1.000000,0.089898,1.000000,1.000000
