cx,cy,w,h,cls_id,conf,kpt0_x,kpt0_y,kpt0_v,kpt1_x,kpt1_y,kpt1_v,kpt2_x,kpt2_y,kpt2_v,kpt3_x,kpt3_y,kpt3_v,kpt4_x,kpt4_y,kpt4_v,kpt5_x,kpt5_y,kpt5_v,kpt6_x,kpt6_y,kpt6_v,kpt7_x,kpt7_y,kpt7_v,kpt8_x,kpt8_y,kpt8_v,kpt9_x,kpt9_y,kpt9_v,kpt10_x,kpt10_y,kpt10_v,kpt11_x,kpt11_y,kpt11_v,kpt12_x,kpt12_y,kpt12_v,kpt13_x,kpt13_y,kpt13_v,kpt14_x,kpt14_y,kpt14_v
0.573082,0.271837,0.017196,0.035261,1,0.342447,0.558457,0.296404,0.013784,0.533684,0.340856,-0.036829,0.592355,0.306387,-0.004621,0.598468,0.285149,-0.007374,0.600643,0.285377,-0.033984,0.555648,0.292453,-0.040261,0.586240,0.292592,-0.032353,0.575964,0.292786,0.002881,0.565333,0.285122,-0.036889,0.586693,0.286550,-0.030801,0.593372,0.307694,0.008781,0.574240,0.273395,-0.043904,0.547656,0.279461,0.045502,0.564023,0.319770,-0.054841,0.566819,0.277200,0.015033
0.625795,0.240894,-0.004713,0.012049,1,0.345816,0.528456,0.282923,0.006993,0.518992,0.343586,-0.046409,0.604798,0.275006,-0.025235,0.630045,0.270096,-0.018685,0.656325,0.296201,-0.068949,0.530681,0.267198,-0.040921,0.609379,0.276555,-0.044813,0.580318,0.331129,0.012395,0.583611,0.263552,-0.030126,0.576269,0.299294,-0.040519,0.605181,0.249572,-0.006393,0.600468,0.282005,-0.067920,0.548229,0.286594,0.050824,0.551242,0.297987,-0.078960,0.540997,0.265197,0.032418
0.630308,0.250367,0.002456,0.001171,1,0.327726,0.555559,0.274185,0.032673,0.543753,0.323388,-0.024786,0.602068,0.293762,-0.043459,0.596705,0.299630,-0.015322,0.635967,0.312732,-0.083947,0.536358,0.261941,-0.052606,0.642081,0.283832,-0.040543,0.569563,0.304892,-0.000824,0.563899,0.270621,-0.040642,0.583141,0.299652,-0.018076,0.578850,0.260917,-0.005254,0.568705,0.260370,-0.076903,0.556519,0.292292,0.034195,0.558694,0.287886,-0.071533,0.539652,0.255367,0.016380
0.383559,0.369423,0.062157,0.070069,1,0.438237,0.404466,0.345051,-0.022169,0.410030,0.364147,-0.002417,0.465198,0.364641,0.042207,0.446705,0.306006,0.008777,0.431547,0.294060,0.025172,0.471965,0.348444,0.014657,0.366437,0.322296,0.001885,0.455955,0.322428,-0.007118,0.477414,0.325923,0.000940,0.399050,0.346228,-0.041132,0.423080,0.338752,0.012815,0.475144,0.362971,0.026606,0.421832,0.335550,-0.040134,0.416745,0.361385,0.036920,0.490453,0.379002,-0.008235
0.383483,0.362421,0.052453,0.060827,1,0.468931,0.423681,0.369091,-0.031064,0.426901,0.355251,0.022481,0.462481,0.340153,0.029407,0.474766,0.336014,0.008555,0.468608,0.344467,0.007291,0.470071,0.340297,0.017959,0.373064,0.342302,0.004120,0.461112,0.356322,0.016631,0.480910,0.342961,-0.017376,0.391020,0.367405,-0.033221,0.414841,0.335707,0.015682,0.462900,0.340226,0.021885,0.485405,0.345095,-0.025413,0.434658,0.391736,0.029653,0.470454,0.384431,0.008788
0.407561,0.372869,0.060564,0.063205,1,0.445347,0.409303,0.343183,-0.028874,0.427513,0.354812,0.023644,0.458674,0.329236,0.012831,0.432195,0.318679,0.007919,0.463373,0.342177,0.000007,0.462470,0.312384,-0.005314,0.372065,0.331283,0.015644,0.469292,0.337215,0.009952,0.477132,0.307851,-0.013287,0.395809,0.357212,-0.037556,0.402829,0.297204,-0.005186,0.454937,0.324831,-0.007514,0.465683,0.363024,-0.044574,0.414687,0.360985,0.025521,0.484340,0.369881,0.015220
0.419151,0.395933,0.074172,0.062537,1,0.433175,0.435374,0.325918,-0.014011,0.456158,0.371836,0.011704,0.482199,0.335207,0.003503,0.445790,0.332073,0.007436,0.482189,0.382354,-0.005076,0.481397,0.346730,0.009486,0.367278,0.332430,0.025478,0.479814,0.315507,0.003843,0.517863,0.338448,-0.023817,0.423785,0.359828,-0.017002,0.410505,0.314285,-0.018708,0.466071,0.332032,-0.009925,0.482705,0.371034,-0.065768,0.438814,0.367463,0.028103,0.520146,0.370226,-0.005412
0.423184,0.382940,0.056671,0.044677,1,0.406551,0.465087,0.334213,-0.008276,0.457189,0.354186,0.011967,0.457702,0.334617,0.029072,0.497639,0.338985,0.040873,0.478737,0.358400,0.050924,0.515232,0.364274,0.010405,0.380989,0.336746,0.038568,0.474925,0.329175,0.004985,0.512874,0.406497,-0.026389,0.460567,0.353938,0.005870,0.415957,0.381033,-0.004316,0.467143,0.356959,0.009851,0.520593,0.343303,-0.006399,0.482869,0.393810,0.039608,0.519770,0.369530,-0.012835
0.398352,0.394571,0.045233,0.035448,1,0.302985,0.403814,0.303136,0.013060,0.411731,0.317276,0.054512,0.435254,0.320390,-0.012288,0.438134,0.295066,0.044915,0.449313,0.282512,0.030946,0.485471,0.297759,-0.017299,0.385263,0.346669,0.090255,0.432676,0.345790,0.042026,0.457927,0.336883,0.011132,0.410287,0.312155,0.056905,0.338765,0.319423,0.015143,0.430654,0.326763,-0.014863,0.471657,0.359634,0.005834,0.466308,0.282572,0.052244,0.522365,0.387354,0.000226
0.435415,0.371965,0.048795,0.038963,1,0.325047,0.408634,0.262400,0.007520,0.408650,0.318175,-0.062539,0.391814,0.332714,-0.038693,0.437344,0.277045,0.003654,0.441411,0.327264,0.009773,0.426994,0.323839,0.001904,0.391820,0.302000,0.027675,0.461102,0.312343,0.065271,0.543557,0.298444,0.004197,0.483882,0.354962,-0.001896,0.410005,0.267641,-0.012404,0.490280,0.263479,0.016902,0.410772,0.366449,-0.045919,0.441008,0.324039,-0.008788,0.472053,0.340289,-0.002371
0.435595,0.334635,0.043968,0.043703,1,0.337111,0.429212,0.281709,0.014376,0.433028,0.318265,0.001514,0.410596,0.328603,-0.005051,0.429342,0.300613,-0.001408,0.442931,0.302700,0.017631,0.468199,0.312003,0.007178,0.395787,0.278018,0.014928,0.436933,0.329035,0.044275,0.510747,0.342394,0.011598,0.453096,0.341348,0.024837,0.401865,0.313340,0.000480,0.475108,0.316259,0.050196,0.444023,0.349214,0.017066,0.430276,0.311302,0.022582,0.446401,0.350830,-0.014865
0.478375,0.338242,0.052930,0.067895,1,0.409147,0.498249,0.327666,0.009783,0.483276,0.346272,-0.012611,0.472213,0.296929,-0.000797,0.436660,0.339366,-0.021590,0.512886,0.334643,0.002597,0.477891,0.291640,0.002307,0.429053,0.292625,0.002383,0.486844,0.311868,0.011187,0.532947,0.363858,-0.005623,0.482349,0.328835,0.012675,0.476361,0.307523,0.008263,0.489665,0.317993,-0.019418,0.494225,0.351808,0.025686,0.453980,0.322390,0.001724,0.524453,0.338562,-0.006417
0.544357,0.321083,0.031246,0.032064,1,0.319432,0.497480,0.275850,0.013721,0.469602,0.331172,-0.090834,0.502280,0.306594,-0.025126,0.513545,0.284625,-0.021686,0.544266,0.306741,-0.013806,0.479408,0.261367,-0.031214,0.492016,0.275877,-0.031866,0.543661,0.308203,0.018989,0.598734,0.308952,0.006715,0.534851,0.317514,-0.008634,0.482210,0.258917,-0.007152,0.561904,0.273325,-0.071646,0.491755,0.330010,0.013333,0.479361,0.308758,-0.024234,0.510768,0.307934,-0.013572
0.264268,0.314643,0.075259,0.084377,1,0.313176,0.281557,0.355632,-0.061566,0.331614,0.254794,0.047594,0.335783,0.280241,-0.000097,0.311393,0.273093,-0.049189,0.287311,0.195723,-0.000762,0.381632,0.235841,0.062958,0.233157,0.295108,0.032118,0.343883,0.270977,0.059527,0.369429,0.229775,0.021659,0.365798,0.228491,-0.005442,0.334354,0.222943,0.001956,0.366039,0.223440,0.035403,0.318338,0.270967,-0.067535,0.355532,0.234151,-0.012732,0.379941,0.286400,0.045376
0.393810,0.351208,0.064912,0.063605,1,0.333826,0.438272,0.286069,0.006674,0.441418,0.326632,0.030596,0.453486,0.325445,0.015428,0.412863,0.291307,0.016583,0.437105,0.324209,0.007850,0.479329,0.312130,-0.008029,0.363687,0.288688,0.014771,0.456012,0.276951,0.002917,0.474289,0.303761,-0.006357,0.423681,0.318849,-0.010968,0.387995,0.329778,-0.002605,0.443480,0.299755,0.018211,0.456523,0.319644,-0.004703,0.423001,0.331713,0.031407,0.473632,0.346155,-0.014946
0.395164,0.339986,0.042046,0.062294,1,0.478752,0.402808,0.351985,-0.041850,0.431644,0.363541,0.026420,0.448951,0.324121,0.028443,0.439699,0.330704,-0.000943,0.434634,0.309110,0.012626,0.459732,0.323207,0.019946,0.365742,0.333974,0.015212,0.438608,0.344543,0.018085,0.447266,0.327274,0.000869,0.383601,0.340699,-0.007574,0.413545,0.324588,-0.001403,0.439497,0.359152,0.036293,0.456741,0.330486,-0.020788,0.409566,0.340986,0.028944,0.459952,0.349670,0.010884
0.416428,0.374386,0.036390,0.036375,1,0.529591,0.407973,0.357394,-0.027050,0.428577,0.362506,0.035858,0.461047,0.339711,0.008740,0.455358,0.312187,0.009306,0.476102,0.348717,-0.032399,0.466665,0.327323,-0.002093,0.406845,0.350880,0.012704,0.451185,0.386636,0.021917,0.445476,0.303480,-0.011919,0.391934,0.364413,-0.033492,0.423406,0.312912,-0.009446,0.443585,0.347601,-0.011732,0.454553,0.365289,-0.042469,0.435442,0.360650,0.017929,0.446684,0.374311,0.030567
0.403831,0.358557,0.029393,0.025986,1,0.547001,0.417636,0.367682,-0.026827,0.431168,0.351174,0.037586,0.448522,0.328922,0.017335,0.438067,0.333281,0.012023,0.468334,0.340172,-0.043646,0.445262,0.309253,-0.000158,0.406024,0.341227,0.006782,0.422015,0.369342,0.009546,0.409038,0.311524,-0.016382,0.381268,0.358842,-0.033379,0.421241,0.323724,-0.000783,0.402166,0.346642,-0.020957,0.450782,0.335212,-0.027622,0.427795,0.359868,0.005565,0.426380,0.358664,0.027959
0.392074,0.402785,0.038173,0.038228,1,0.592622,0.455923,0.366584,0.002751,0.447697,0.374627,0.036274,0.455373,0.373388,0.026667,0.445431,0.351727,0.033846,0.470600,0.384011,-0.016121,0.462052,0.365974,-0.009063,0.425298,0.365456,0.005535,0.437619,0.391696,0.006579,0.425813,0.350573,-0.011427,0.376257,0.407763,-0.025218,0.418291,0.386862,0.014791,0.413785,0.379024,0.019174,0.474910,0.374957,-0.015261,0.443472,0.412670,0.048852,0.445607,0.412381,0.005804
0.423932,0.393402,0.027121,0.031827,1,0.600857,0.434327,0.364639,-0.019980,0.445819,0.381783,-0.001220,0.426132,0.365965,0.034458,0.432201,0.342385,0.008648,0.431778,0.347488,0.016513,0.465669,0.362625,0.008988,0.412456,0.350220,0.020970,0.434737,0.376392,-0.001628,0.437900,0.378128,0.000092,0.399761,0.364337,0.004813,0.436612,0.366952,-0.013085,0.428868,0.397570,-0.002279,0.433631,0.369933,-0.031120,0.428819,0.370825,0.041091,0.456729,0.375048,0.002572
0.449090,0.353321,0.010721,0.019053,1,0.423127,0.484287,0.320745,0.011651,0.457932,0.313793,0.053092,0.434591,0.338479,0.015336,0.439946,0.307200,0.056811,0.434477,0.333517,0.026567,0.499527,0.325164,-0.020617,0.449346,0.355646,0.027886,0.457209,0.335426,0.000943,0.426867,0.349221,0.002699,0.457218,0.336946,0.013497,0.405176,0.391884,0.012277,0.435166,0.352391,-0.014179,0.480336,0.332242,0.029891,0.462229,0.336163,0.035604,0.432586,0.355668,-0.014744
0.424734,0.348494,0.035140,0.034638,1,0.374618,0.414522,0.296535,-0.001417,0.412898,0.316689,0.014722,0.424032,0.338174,0.007509,0.446875,0.287589,0.033377,0.431609,0.324982,0.021058,0.471855,0.332596,-0.008025,0.405781,0.323704,0.024644,0.456460,0.314311,0.004080,0.464080,0.318312,-0.013509,0.437089,0.332515,-0.024359,0.397740,0.313915,-0.001811,0.458609,0.315862,-0.003770,0.430458,0.337948,-0.035999,0.430840,0.342386,0.025526,0.452976,0.334129,0.001683
0.425082,0.361258,0.039169,0.050029,1,0.438231,0.475938,0.312716,-0.003513,0.457432,0.354753,-0.004283,0.432652,0.351260,0.018002,0.427965,0.325658,0.032538,0.442664,0.336391,0.023355,0.471191,0.337160,-0.015236,0.413635,0.329489,0.017872,0.465131,0.310320,0.011875,0.471777,0.339043,-0.010377,0.442029,0.372333,-0.010768,0.428156,0.372054,0.010903,0.445884,0.337851,0.025800,0.467769,0.340396,0.002892,0.435292,0.367240,0.021195,0.486161,0.360579,-0.019720
0.453029,0.368797,0.044915,0.068884,1,0.427820,0.433269,0.318212,0.013153,0.436542,0.337633,0.013387,0.437011,0.344279,-0.049114,0.421644,0.324792,-0.013655,0.455651,0.360519,0.001389,0.451560,0.325872,-0.002828,0.450073,0.370474,0.019049,0.487769,0.375709,0.056077,0.510885,0.310732,0.012911,0.431743,0.375090,0.020152,0.409428,0.275107,0.011117,0.501325,0.302247,0.025804,0.459181,0.422038,-0.044385,0.430374,0.316784,0.039219,0.482512,0.366267,0.007620
0.456414,0.364889,0.028404,0.043535,1,0.464969,0.483522,0.331078,0.017287,0.475479,0.335128,-0.023946,0.467565,0.356598,0.014570,0.463601,0.329852,0.002918,0.464885,0.318501,0.017668,0.460332,0.328389,-0.011947,0.478490,0.318190,-0.014515,0.472391,0.340023,0.019972,0.499011,0.335182,0.019259,0.466163,0.355140,0.002554,0.462001,0.341917,0.021203,0.482157,0.328524,0.020792,0.471794,0.355522,0.022859,0.467834,0.354723,0.023149,0.454737,0.380382,-0.008683
0.510042,0.345540,0.035142,0.032176,1,0.384734,0.482102,0.329802,0.011663,0.476789,0.326284,-0.041448,0.521250,0.353740,-0.001429,0.501505,0.308627,-0.025430,0.503587,0.311569,-0.013486,0.486204,0.307504,-0.001099,0.499786,0.300621,-0.036519,0.516120,0.318064,-0.002370,0.561953,0.320197,0.010868,0.499972,0.327186,-0.010998,0.483756,0.295247,0.007410,0.551317,0.309558,-0.041009,0.472992,0.344618,-0.010892,0.480012,0.321913,-0.006824,0.480585,0.361010,-0.019979
0.297276,0.334260,0.061272,0.055551,1,0.341012,0.327838,0.302087,-0.031122,0.357019,0.288236,0.039108,0.307342,0.313306,0.032629,0.306444,0.283183,0.002618,0.298091,0.248267,0.038784,0.406998,0.281299,0.027963,0.246059,0.260509,0.042820,0.340147,0.274065,0.025601,0.372888,0.305604,0.015800,0.352113,0.290304,0.009851,0.311550,0.313697,-0.013499,0.347290,0.296994,0.060563,0.345630,0.288932,-0.012480,0.339384,0.290793,0.028285,0.380425,0.320848,0.000086
0.304111,0.361715,0.069767,0.061045,1,0.396537,0.325661,0.307256,-0.027284,0.373174,0.305097,0.033163,0.292609,0.305965,0.011661,0.333058,0.314853,0.017356,0.301358,0.280137,0.065050,0.397486,0.328925,0.049447,0.244642,0.299972,0.060560,0.328410,0.314281,0.067300,0.384391,0.335918,0.026344,0.395939,0.328429,0.035776,0.330205,0.339231,-0.030578,0.340456,0.321730,0.129094,0.374861,0.318032,-0.016766,0.382773,0.316093,0.033334,0.383157,0.322673,0.017233
0.273030,0.368795,0.043023,0.069062,1,0.504922,0.394814,0.361578,-0.003079,0.389138,0.320176,0.060129,0.333312,0.343062,0.036650,0.327604,0.324340,0.006810,0.336540,0.293109,0.016933,0.412562,0.353366,0.060464,0.292092,0.327363,0.038974,0.322687,0.345806,0.054105,0.364788,0.355929,0.022952,0.356740,0.340139,0.025793,0.375896,0.390941,0.043780,0.350044,0.357989,0.103589,0.359896,0.330169,0.015929,0.386700,0.329169,0.042494,0.376640,0.394552,-0.002557
0.398795,0.366414,0.045983,0.043577,1,0.503280,0.419749,0.326109,-0.015995,0.455862,0.362423,0.026231,0.429511,0.330926,0.023976,0.404333,0.360257,0.019353,0.422182,0.364032,0.012958,0.431824,0.342790,0.011094,0.370763,0.322365,0.023938,0.413545,0.318126,-0.002530,0.423981,0.348525,-0.001390,0.375552,0.367678,0.010686,0.390327,0.352614,-0.020748,0.387005,0.365281,0.042779,0.463363,0.337207,-0.019549,0.403710,0.360531,0.037424,0.446387,0.353032,-0.007117
0.415408,0.345497,0.022654,0.027230,1,0.311902,0.381272,0.283398,0.005674,0.396942,0.343158,0.026140,0.484460,0.374344,0.033220,0.485844,0.278710,0.049875,0.408105,0.315297,0.033514,0.438145,0.350521,0.005114,0.404948,0.323951,0.047194,0.451445,0.320564,-0.024797,0.454887,0.281374,0.045937,0.374683,0.360194,0.024862,0.367661,0.324843,-0.032627,0.447604,0.351365,0.032165,0.441424,0.320734,0.003250,0.439938,0.326282,0.059155,0.514415,0.371876,-0.004225
0.419794,0.404757,-0.001381,0.036064,1,0.308604,0.437692,0.277938,0.038752,0.365551,0.376600,0.040392,0.452030,0.397845,0.086221,0.389555,0.321149,0.100397,0.338506,0.335868,0.103929,0.420532,0.387607,0.073291,0.335051,0.319282,0.150615,0.389130,0.355027,-0.030517,0.460953,0.326450,0.135399,0.347405,0.372870,0.132762,0.317560,0.348820,-0.037063,0.351774,0.440711,0.031507,0.393022,0.378810,0.094355,0.377143,0.310620,0.113939,0.535879,0.411366,-0.004085
0.419980,0.352979,0.029397,0.022227,1,0.418417,0.432346,0.293871,0.009871,0.436478,0.335210,-0.013115,0.417214,0.398517,0.058197,0.458251,0.291507,0.015603,0.408476,0.330955,0.055861,0.479584,0.378511,-0.013780,0.435115,0.261409,0.004278,0.458748,0.305798,-0.029728,0.469032,0.357278,-0.010305,0.392233,0.351482,-0.005927,0.423814,0.378091,-0.011262,0.471427,0.337362,0.047287,0.431501,0.331269,0.017925,0.420269,0.387595,0.045976,0.456442,0.381208,-0.028671
0.425246,0.353373,0.026247,0.032490,1,0.572474,0.440380,0.341274,-0.003050,0.438500,0.358866,-0.013268,0.355518,0.332164,0.015864,0.380532,0.366733,0.011540,0.383681,0.335250,0.044139,0.418640,0.348557,0.025479,0.396115,0.337787,0.023488,0.389708,0.351826,0.007391,0.393502,0.405288,0.020827,0.422250,0.363743,0.048936,0.431266,0.395846,-0.021803,0.380108,0.397995,0.050627,0.419671,0.333034,0.014318,0.414183,0.339435,0.029610,0.432438,0.314479,-0.008132
0.445614,0.378301,0.015044,0.018781,1,0.572710,0.481063,0.364138,-0.030753,0.488624,0.375957,-0.002345,0.415394,0.393874,0.051101,0.449642,0.367136,0.035779,0.408685,0.333191,0.053197,0.489565,0.377926,-0.001586,0.446651,0.349562,0.022122,0.444593,0.352437,0.006943,0.446205,0.396238,-0.007841,0.441947,0.400053,0.011617,0.453005,0.433994,-0.005015,0.431403,0.402955,0.055428,0.480464,0.352868,0.008251,0.452023,0.400635,0.026851,0.453541,0.389079,-0.021717
0.473505,0.386900,0.037623,0.046283,1,0.506425,0.504548,0.338617,0.001834,0.528240,0.366097,-0.005287,0.464624,0.365513,0.020369,0.464153,0.368879,0.003924,0.455582,0.365131,0.047734,0.494314,0.374549,0.004483,0.465754,0.329673,0.017284,0.479763,0.336989,0.024248,0.518710,0.388291,0.003861,0.481090,0.376298,0.042429,0.472169,0.385772,-0.010345,0.476052,0.357575,0.062495,0.520482,0.381921,0.017098,0.484020,0.376755,0.032992,0.490136,0.391396,-0.018506
0.493118,0.388478,0.038439,0.023912,1,0.367037,0.458544,0.302133,0.023343,0.480092,0.321596,-0.036717,0.491188,0.367801,0.000774,0.513727,0.301785,-0.004636,0.466394,0.319320,0.039537,0.502285,0.348953,-0.005833,0.488606,0.306325,0.009265,0.504019,0.324244,0.013313,0.560875,0.348250,0.016046,0.505611,0.314534,0.033354,0.448257,0.312069,-0.016105,0.534192,0.308880,-0.008154,0.478994,0.368746,-0.016048,0.507120,0.331021,0.030792,0.492176,0.373400,-0.014835
0.612352,0.348857,0.048072,0.062755,1,0.324254,0.553601,0.251948,0.064958,0.543362,0.373312,-0.065853,0.601469,0.349813,-0.034784,0.570154,0.322978,-0.015821,0.599288,0.348156,0.017904,0.555847,0.336909,-0.044301,0.590987,0.307941,-0.025672,0.605439,0.325928,0.002933,0.670867,0.356558,0.006594,0.571050,0.342264,0.027886,0.517807,0.282743,0.001436,0.636048,0.326610,-0.016972,0.559612,0.403994,0.002393,0.532863,0.321648,0.042169,0.603459,0.341831,-0.033339
0.588329,0.335168,0.041950,0.068661,1,0.307957,0.596339,0.233141,0.062180,0.571580,0.367045,-0.073850,0.582831,0.341116,-0.032038,0.599071,0.281673,-0.012942,0.562420,0.334388,0.043366,0.587389,0.356084,-0.040482,0.581713,0.311004,-0.025919,0.621366,0.318045,0.047411,0.657389,0.335373,0.020203,0.633054,0.308371,0.063157,0.553835,0.360803,-0.018887,0.633379,0.287245,0.046129,0.589960,0.349589,0.067499,0.591566,0.325081,0.028713,0.586072,0.309786,-0.028374
0.643214,0.322877,0.031118,0.055216,1,0.369482,0.562236,0.305176,-0.010774,0.577068,0.385088,-0.041348,0.600093,0.339793,-0.013897,0.633467,0.334437,0.001537,0.598871,0.325783,0.052089,0.618367,0.343001,-0.052624,0.613393,0.350355,0.010387,0.647146,0.331238,0.016365,0.653653,0.355209,-0.046496,0.622364,0.333157,0.001720,0.581157,0.301072,-0.020157,0.641126,0.314449,-0.015240,0.621008,0.385348,-0.011154,0.580799,0.357638,-0.001542,0.649366,0.304789,0.013580
0.645790,0.306495,0.024340,0.067560,1,0.375318,0.624232,0.291986,0.018903,0.620331,0.401113,-0.027114,0.643814,0.313208,-0.010148,0.654283,0.331905,-0.014367,0.675013,0.363224,0.016312,0.635392,0.355321,-0.040627,0.624394,0.319046,0.003250,0.652324,0.333967,0.027919,0.686409,0.373590,-0.051737,0.627351,0.328062,0.022572,0.629485,0.322856,0.001539,0.656363,0.316826,-0.002582,0.659022,0.379519,0.055262,0.605319,0.356622,-0.008037,0.668497,0.328373,0.004209
0.288268,0.327452,0.054590,0.037624,1,0.332852,0.328715,0.326753,-0.023495,0.351194,0.265676,0.039690,0.310038,0.332728,0.040217,0.326393,0.286178,0.001217,0.264448,0.221143,0.049624,0.408962,0.301307,0.050977,0.271853,0.273062,0.040488,0.324408,0.260322,0.005246,0.339577,0.322136,0.022020,0.364158,0.261647,0.030985,0.329768,0.352449,-0.008712,0.342660,0.302848,0.061480,0.328725,0.249568,-0.007053,0.371259,0.275579,0.019392,0.377638,0.309531,-0.009279
0.276698,0.367855,0.057339,0.055969,1,0.521480,0.356861,0.371342,-0.035758,0.376211,0.348379,0.047260,0.326327,0.349418,0.063781,0.324482,0.347425,0.010176,0.327598,0.281755,0.028553,0.415174,0.352385,0.065270,0.248988,0.302530,0.045138,0.306669,0.327912,0.014857,0.356920,0.387979,0.003606,0.324806,0.350733,0.009490,0.359340,0.393396,0.012630,0.328896,0.400881,0.090197,0.352423,0.312974,-0.016019,0.354414,0.346231,0.039204,0.401480,0.379738,-0.010287
0.267935,0.405572,0.036764,0.042251,1,0.602803,0.368740,0.372346,-0.015223,0.361494,0.345011,0.044437,0.334259,0.328860,0.039283,0.309458,0.336795,0.030903,0.371141,0.364657,-0.024909,0.348020,0.340744,0.050190,0.255272,0.338335,0.024478,0.306500,0.368810,0.024160,0.338159,0.346293,0.026183,0.289365,0.393238,-0.018156,0.334063,0.375746,0.026874,0.304961,0.394076,0.032844,0.353469,0.340717,-0.012296,0.339771,0.369941,0.039420,0.333245,0.420658,-0.002901
0.397348,0.323942,0.038083,0.031743,1,0.386705,0.383127,0.306227,-0.005642,0.431193,0.323344,0.044399,0.436835,0.330332,0.024298,0.461930,0.311249,0.005333,0.436761,0.308163,0.014778,0.458814,0.341261,0.012275,0.403479,0.279663,0.035869,0.414367,0.317550,0.008986,0.432386,0.323383,-0.015659,0.378832,0.319978,0.015507,0.411506,0.317524,-0.012999,0.425861,0.318908,0.063255,0.450564,0.312283,0.005402,0.435787,0.330136,0.021812,0.464574,0.343650,0.015382
0.404107,0.376886,0.044907,0.035198,1,0.498444,0.417669,0.308591,0.051657,0.421498,0.327852,-0.015186,0.403869,0.401495,0.038834,0.461765,0.282531,-0.023944,0.427065,0.377954,0.046222,0.453587,0.413451,-0.005391,0.470772,0.253138,-0.001906,0.458612,0.352190,-0.025728,0.451985,0.359403,-0.008807,0.373501,0.341490,0.009613,0.471638,0.357547,-0.024159,0.476005,0.299635,0.061192,0.409328,0.367760,0.025815,0.448455,0.402783,0.056552,0.474064,0.385394,0.013109
0.437542,0.366878,0.019210,0.011038,1,0.548871,0.434735,0.327656,0.012603,0.444475,0.339616,-0.022094,0.387196,0.379595,0.028007,0.424829,0.333461,-0.003903,0.399810,0.355610,0.034498,0.434781,0.364550,-0.005125,0.462338,0.300424,0.006485,0.431353,0.345960,-0.018123,0.420842,0.371998,0.003223,0.394325,0.355358,0.026995,0.438693,0.366213,-0.027611,0.423501,0.344025,0.023070,0.421301,0.350062,0.004404,0.426018,0.369856,0.036452,0.434256,0.350454,-0.004280
0.465820,0.378939,0.024006,0.022935,1,0.540289,0.487725,0.336086,0.014565,0.491542,0.360972,-0.040146,0.464712,0.428573,0.051364,0.482121,0.348916,0.003094,0.422480,0.358100,0.057095,0.482191,0.394462,-0.029530,0.530593,0.313681,-0.012069,0.500739,0.316976,-0.050897,0.467918,0.373037,-0.011623,0.413263,0.366457,0.007150,0.474665,0.395446,-0.010757,0.479152,0.345262,0.022639,0.472103,0.353831,-0.003483,0.458618,0.411590,0.051631,0.498698,0.377827,-0.026505
0.536516,0.362178,0.008346,0.013435,1,0.428542,0.493999,0.302555,-0.000508,0.527072,0.348335,-0.037192,0.500043,0.407541,0.044014,0.544901,0.313733,-0.003189,0.476650,0.337859,0.065440,0.546887,0.379874,-0.039441,0.558051,0.283933,0.012715,0.548556,0.311694,-0.020027,0.568345,0.366807,-0.028804,0.483976,0.334424,0.011286,0.496016,0.330731,-0.018266,0.558427,0.316631,-0.000200,0.509669,0.382073,-0.005253,0.492968,0.384275,0.033575,0.523948,0.382877,-0.016572
0.577667,0.348082,0.041567,0.037310,1,0.390241,0.543929,0.278706,0.040228,0.570223,0.371630,-0.034122,0.593558,0.425915,0.041356,0.572970,0.312758,-0.020173,0.520160,0.339083,0.053459,0.595356,0.384613,-0.066101,0.624655,0.261101,-0.024069,0.606841,0.280774,-0.067133,0.586369,0.349597,-0.030563,0.502897,0.316709,0.015176,0.542710,0.357030,-0.032238,0.598258,0.313310,0.009912,0.551882,0.361505,0.015795,0.528023,0.377004,0.050016,0.604747,0.357451,-0.031606
0.597007,0.372210,0.020215,0.035006,1,0.499825,0.559922,0.309588,0.035692,0.557047,0.394801,-0.055477,0.602351,0.367077,0.004471,0.569498,0.339305,0.004868,0.588722,0.333331,-0.001155,0.553018,0.343451,-0.056311,0.614605,0.336942,-0.020412,0.572591,0.349049,-0.017346,0.584770,0.352616,-0.006973,0.552708,0.342911,-0.003028,0.554140,0.321891,0.003306,0.569619,0.367986,-0.055357,0.539625,0.387054,-0.005364,0.545054,0.353157,0.026087,0.573691,0.353437,-0.006695
0.610164,0.362438,0.009986,0.038959,1,0.493877,0.587991,0.277248,0.032678,0.557107,0.400576,-0.054295,0.580199,0.351026,-0.016603,0.573880,0.319938,0.044511,0.592086,0.383060,0.015735,0.540562,0.334379,-0.100074,0.625428,0.371468,-0.024385,0.619865,0.365181,0.003505,0.563970,0.309868,-0.001476,0.552853,0.390312,-0.014775,0.535406,0.357250,-0.010996,0.563160,0.342110,-0.031974,0.596960,0.383519,0.035919,0.542007,0.388991,0.029686,0.563363,0.337156,-0.001050
0.620057,0.299924,-0.004376,0.048754,1,0.371874,0.522069,0.280674,-0.007484,0.552374,0.362013,-0.023935,0.584529,0.326259,-0.030520,0.578127,0.304717,-0.015007,0.573307,0.299811,0.007247,0.556154,0.289954,-0.067638,0.620768,0.341906,0.001390,0.610367,0.346535,0.042516,0.606644,0.274320,-0.009184,0.547178,0.319299,0.009598,0.530230,0.235523,0.002639,0.611786,0.289958,-0.023642,0.568960,0.389900,0.000908,0.517804,0.295817,0.003981,0.562262,0.317232,0.019996
0.636348,0.314911,0.019838,0.082201,1,0.313884,0.567529,0.255767,0.006058,0.567104,0.405510,-0.032377,0.649477,0.316154,-0.004684,0.610469,0.286913,0.020067,0.626208,0.313917,0.036000,0.621023,0.340869,-0.054274,0.581256,0.345868,0.015439,0.651594,0.298527,0.001252,0.670701,0.323393,-0.025552,0.604147,0.306985,-0.016175,0.568949,0.279711,0.014121,0.662787,0.354850,-0.042636,0.579918,0.381992,-0.008015,0.540816,0.310356,0.020095,0.659800,0.319140,-0.012399
0.575177,0.353127,0.028566,0.069131,1,0.468358,0.566520,0.297095,-0.015147,0.568513,0.414907,-0.029298,0.556866,0.316922,0.014405,0.560640,0.335463,0.037374,0.563309,0.359912,0.065293,0.572836,0.341860,-0.065549,0.529666,0.358345,0.018786,0.604336,0.335014,0.014230,0.574899,0.353898,-0.020465,0.557112,0.356487,0.002952,0.532649,0.363538,-0.024776,0.547811,0.356060,0.002652,0.615437,0.370956,0.034006,0.531079,0.386888,0.030663,0.602638,0.323806,0.007276
0.601845,0.311521,0.016868,0.044061,1,0.366624,0.543167,0.282145,-0.005753,0.577103,0.378197,-0.011340,0.620705,0.336296,0.014149,0.603084,0.303407,0.003191,0.579828,0.285637,0.015308,0.610235,0.316509,-0.061776,0.591155,0.309533,0.001062,0.599064,0.308410,0.003189,0.599029,0.307806,-0.029137,0.570298,0.292350,-0.001419,0.549050,0.299471,-0.013187,0.591541,0.323427,-0.022049,0.582635,0.344038,0.011325,0.551256,0.322343,0.007864,0.587219,0.314337,0.007036
0.648197,0.324421,0.012548,0.032651,1,0.406692,0.587232,0.315558,-0.015759,0.597946,0.395606,-0.032797,0.638878,0.364138,0.017471,0.667778,0.318008,0.018371,0.629031,0.327688,0.026466,0.640845,0.360598,-0.064724,0.645899,0.336844,-0.000430,0.653444,0.326600,-0.004243,0.643777,0.338797,-0.064031,0.618615,0.342600,-0.033836,0.619172,0.335086,-0.010065,0.644194,0.330538,-0.031471,0.626082,0.365854,0.005816,0.599167,0.387034,-0.020800,0.640885,0.338757,0.009896
0.648335,0.302343,0.016657,0.033145,1,0.412835,0.609585,0.310965,0.025934,0.597783,0.378208,-0.035193,0.631623,0.331310,-0.028633,0.670026,0.351070,-0.018151,0.673894,0.361194,-0.019122,0.610573,0.329448,-0.057289,0.672620,0.332481,-0.021496,0.637727,0.365777,0.023034,0.648089,0.360148,-0.058498,0.607473,0.342140,0.012291,0.607868,0.306852,-0.001138,0.630255,0.291232,-0.032922,0.655840,0.370038,0.033989,0.613595,0.369305,-0.016597,0.627686,0.309059,0.018832
0.255430,0.321122,0.045438,0.068103,1,0.348573,0.294541,0.288483,0.028318,0.281555,0.238583,0.065677,0.246460,0.280186,0.024034,0.241355,0.262582,0.009644,0.264365,0.254562,0.064382,0.333661,0.255256,0.013152,0.250991,0.266123,0.039019,0.300009,0.305976,-0.000486,0.275608,0.310756,0.060075,0.267984,0.258610,0.034073,0.253253,0.292024,0.017955,0.299664,0.293525,0.038910,0.289954,0.294378,0.041626,0.288482,0.257976,0.088445,0.328708,0.307191,0.015062
0.232491,0.373446,0.054875,0.074113,1,0.482532,0.336138,0.353974,0.030283,0.315860,0.277600,0.089918,0.276918,0.280454,0.031161,0.266794,0.321167,0.029810,0.321914,0.301060,0.044002,0.339310,0.303969,0.045315,0.240752,0.317098,0.051346,0.272551,0.360231,0.023653,0.276445,0.367085,0.052293,0.286151,0.315476,0.035009,0.296739,0.358048,0.041847,0.272932,0.357345,0.065533,0.336971,0.323049,0.052882,0.343757,0.310779,0.082854,0.347133,0.372342,0.023567
0.269431,0.347110,0.016473,0.034195,1,0.452554,0.322764,0.323284,0.016652,0.308304,0.274300,0.064840,0.288931,0.308317,0.027440,0.277835,0.283433,0.022351,0.310688,0.280974,0.006505,0.323945,0.275863,0.021502,0.284659,0.295315,0.039307,0.288061,0.348614,0.010598,0.276069,0.303041,0.064183,0.260792,0.315910,0.028812,0.284830,0.325057,0.022690,0.285658,0.337051,0.022502,0.308139,0.303144,0.047782,0.319808,0.281758,0.063287,0.320209,0.366404,0.013907
0.475263,0.369552,0.024263,0.016475,1,0.331562,0.448090,0.327139,0.012760,0.487371,0.355437,-0.026429,0.465173,0.424317,0.063717,0.460285,0.349735,-0.038908,0.381859,0.288428,0.126214,0.484052,0.376584,-0.018050,0.526068,0.282090,0.042985,0.550279,0.327260,-0.024792,0.533703,0.384674,0.001590,0.360480,0.316872,0.115099,0.416320,0.374289,-0.008221,0.547077,0.325591,0.035563,0.504986,0.373708,0.080980,0.441139,0.332019,0.068131,0.586455,0.414145,-0.047472
0.565258,0.321271,0.041568,0.036102,1,0.330105,0.548043,0.309185,0.040489,0.565478,0.348717,-0.013773,0.562074,0.405309,0.026167,0.562058,0.352904,-0.044609,0.526172,0.333629,0.067090,0.572351,0.364394,-0.053767,0.642067,0.263667,0.015669,0.593993,0.284900,-0.062466,0.563373,0.386809,-0.043609,0.445161,0.307818,0.086669,0.528728,0.357681,-0.018875,0.580244,0.276696,0.011217,0.592014,0.350221,0.068967,0.523788,0.347880,0.042969,0.664342,0.353333,-0.033457
0.568479,0.330156,0.012818,0.031964,1,0.314420,0.539548,0.332204,0.018147,0.552170,0.359182,-0.001841,0.598573,0.411589,0.030388,0.592627,0.334977,-0.035090,0.549726,0.274789,0.047247,0.586480,0.342367,-0.063773,0.658687,0.315871,0.025990,0.607733,0.329033,-0.029083,0.580621,0.352674,-0.029884,0.440829,0.300066,0.086418,0.527130,0.342762,0.030214,0.624031,0.298758,-0.020635,0.584592,0.365609,0.065454,0.532467,0.308160,0.038557,0.673874,0.396114,-0.035793
0.592304,0.284584,0.011220,0.068301,1,0.330624,0.559215,0.258378,0.062873,0.535079,0.336178,-0.022935,0.573510,0.314362,0.001609,0.560012,0.303283,-0.016028,0.593345,0.300101,0.034179,0.567167,0.302068,-0.072112,0.625630,0.280506,-0.005271,0.590575,0.306857,-0.020238,0.589289,0.349427,-0.024704,0.536555,0.267733,0.015550,0.544579,0.256109,0.036236,0.596252,0.288862,-0.046663,0.541419,0.367594,0.053793,0.517775,0.306504,0.043558,0.603779,0.298058,0.007830
0.606917,0.273496,-0.009446,0.065428,1,0.373615,0.558819,0.258072,0.040111,0.525489,0.368617,-0.064676,0.593327,0.302203,-0.007607,0.592162,0.303092,-0.002242,0.616710,0.285691,0.017690,0.540210,0.293985,-0.072802,0.630489,0.318126,-0.017953,0.599551,0.328475,0.000448,0.594533,0.322383,-0.008790,0.542975,0.293773,-0.003177,0.559540,0.252349,0.045309,0.605778,0.319064,-0.050716,0.541619,0.350661,0.045898,0.515172,0.305160,0.025375,0.597904,0.284962,0.008266
0.582230,0.298840,-0.004469,0.056728,1,0.429723,0.549991,0.274376,0.003432,0.554268,0.396318,-0.046940,0.596732,0.295359,0.004144,0.595357,0.339252,0.021359,0.612518,0.306934,0.011480,0.538505,0.310580,-0.061225,0.583024,0.337478,0.006923,0.571079,0.324318,0.017058,0.578565,0.327520,-0.024194,0.536822,0.322480,-0.005901,0.543573,0.278511,0.026018,0.552288,0.344039,-0.024730,0.575668,0.344631,0.022809,0.522469,0.336227,0.013913,0.589555,0.298280,0.013789
0.606968,0.322061,-0.007912,0.056448,1,0.503971,0.544081,0.289311,-0.000053,0.554736,0.410026,-0.045813,0.594123,0.281653,0.001085,0.585232,0.349806,0.022905,0.636494,0.325928,0.013174,0.527313,0.288286,-0.083818,0.593057,0.349289,0.005918,0.579730,0.370281,0.018661,0.573702,0.332069,-0.012808,0.522473,0.340056,-0.010970,0.535184,0.254541,0.015534,0.544822,0.362256,-0.055713,0.591295,0.385227,0.026127,0.511869,0.347412,0.030207,0.580400,0.312641,0.034938
0.640156,0.314022,-0.008140,0.036406,1,0.501129,0.572253,0.304237,-0.007158,0.592455,0.405233,-0.017390,0.600976,0.287524,0.007990,0.587631,0.362806,0.019051,0.637268,0.349583,0.010410,0.561109,0.295085,-0.072784,0.603093,0.335314,0.003572,0.586379,0.361406,0.003578,0.579003,0.359724,-0.023464,0.545625,0.344782,0.006320,0.550673,0.295626,-0.008268,0.549122,0.374279,-0.054424,0.627130,0.377053,0.045732,0.528163,0.350013,0.013761,0.570854,0.317366,0.019741
0.640619,0.316395,0.016395,0.044264,1,0.348895,0.554326,0.273041,0.006873,0.602128,0.372371,0.016820,0.616462,0.299874,0.008042,0.598208,0.337678,0.017669,0.602535,0.318249,0.053595,0.619082,0.307826,-0.073598,0.601873,0.312427,0.036168,0.605040,0.310088,-0.010266,0.602626,0.362001,-0.032607,0.572715,0.285353,0.039406,0.526266,0.287163,-0.024933,0.576138,0.338278,-0.038814,0.635883,0.373231,0.032558,0.556681,0.315123,0.035555,0.621350,0.306023,0.011987
0.147664,0.275258,0.060837,0.068461,1,0.307896,0.248042,0.290939,0.004102,0.242386,0.214277,0.106525,0.184252,0.294269,0.049153,0.184273,0.246410,-0.006317,0.170325,0.250752,0.050650,0.308726,0.266637,0.044727,0.163739,0.224419,0.035437,0.245270,0.246070,-0.020173,0.184619,0.279332,0.034194,0.179246,0.241144,0.027009,0.216111,0.337795,0.002750,0.230034,0.248686,0.100672,0.246017,0.212643,0.045524,0.233056,0.265163,0.068997,0.286942,0.277976,0.004679
0.156751,0.302193,0.063012,0.081720,1,0.312355,0.266504,0.327436,0.007590,0.246386,0.215399,0.107193,0.208029,0.294829,0.025904,0.199604,0.256095,-0.013449,0.194203,0.256180,0.048937,0.308855,0.268196,0.061509,0.177556,0.272413,0.036967,0.266895,0.284637,0.010910,0.222877,0.286055,0.056373,0.204042,0.258134,0.044171,0.228903,0.338670,0.027695,0.270788,0.256023,0.095120,0.269831,0.247725,0.049586,0.263580,0.253502,0.067791,0.305141,0.321490,0.002674
0.166646,0.286604,0.052641,0.077179,1,0.312029,0.279720,0.297076,0.035822,0.260644,0.189776,0.116274,0.174147,0.264518,0.017210,0.183665,0.282659,0.007926,0.176129,0.270137,0.075500,0.286970,0.269292,0.059182,0.189537,0.271237,0.042274,0.233359,0.277490,0.015855,0.193286,0.315972,0.068668,0.229713,0.252295,0.073351,0.209226,0.346209,0.025834,0.226238,0.260041,0.126266,0.280448,0.242004,0.075722,0.268333,0.249863,0.087662,0.260133,0.282996,0.005749
0.188864,0.276714,0.029452,0.053188,1,0.323845,0.272170,0.255151,0.023522,0.253270,0.202415,0.089321,0.161869,0.267224,0.012788,0.196411,0.249946,0.021453,0.186931,0.266626,0.049592,0.295771,0.260600,0.030302,0.202515,0.262934,0.047045,0.240563,0.276211,0.022308,0.196407,0.283481,0.048047,0.239342,0.251598,0.043700,0.206800,0.316061,0.011204,0.223889,0.248660,0.090966,0.252321,0.239109,0.043405,0.255319,0.252668,0.072985,0.243599,0.251151,0.014640
0.177537,0.318830,0.027667,0.050320,1,0.315109,0.260532,0.260120,0.040500,0.238203,0.212390,0.075919,0.202693,0.300673,0.020171,0.206948,0.224931,0.019217,0.232773,0.247553,0.023669,0.283252,0.257246,0.008152,0.232116,0.247073,0.051568,0.248624,0.292949,0.021309,0.223940,0.250757,0.054785,0.196915,0.268260,0.022127,0.213202,0.285823,0.046671,0.252912,0.247414,0.058326,0.228917,0.274990,0.047335,0.256364,0.251936,0.074620,0.282817,0.337809,0.012213
0.176095,0.279085,0.027805,0.059798,1,0.345918,0.267179,0.281027,0.035310,0.231772,0.218082,0.093631,0.194335,0.260129,0.023190,0.200195,0.228829,-0.008649,0.243484,0.229066,0.008228,0.304029,0.235784,0.037818,0.199815,0.239440,0.042263,0.227059,0.315041,0.021915,0.205774,0.289414,0.056181,0.204459,0.227252,0.044532,0.231812,0.293016,0.041543,0.244216,0.272929,0.047494,0.224022,0.246462,0.070655,0.254098,0.219435,0.071817,0.271458,0.289704,0.021449
0.258169,0.336308,0.030285,0.068470,1,0.412040,0.332094,0.293976,0.036885,0.306560,0.249121,0.059876,0.248453,0.322056,0.041356,0.233798,0.272879,0.012342,0.258510,0.279922,0.065135,0.348361,0.294109,0.004794,0.292611,0.274402,0.038130,0.311580,0.296138,-0.016215,0.281946,0.325918,0.040397,0.266716,0.275419,0.018085,0.280284,0.310463,0.040472,0.308605,0.299505,0.034354,0.273642,0.322438,0.024025,0.283652,0.290416,0.097767,0.332844,0.334636,0.002839
0.246731,0.352780,0.032940,0.030648,1,0.397309,0.318628,0.292718,0.046334,0.294969,0.249180,0.082479,0.249493,0.308424,0.016695,0.265420,0.278298,0.039928,0.287865,0.312607,0.039682,0.325936,0.289702,0.001709,0.285533,0.289953,0.053560,0.290000,0.334257,-0.000005,0.242979,0.321447,0.048690,0.236268,0.310269,0.052085,0.244042,0.356381,0.014984,0.264935,0.305194,0.044859,0.327842,0.296525,0.064764,0.320647,0.296056,0.085948,0.330989,0.350203,0.004905
0.156090,0.296935,0.039516,0.057966,1,0.323380,0.243848,0.313114,0.010830,0.227033,0.191022,0.114577,0.151131,0.281122,0.034749,0.160956,0.263407,0.020091,0.147326,0.244579,0.081303,0.267736,0.251538,0.047392,0.172704,0.271767,0.051149,0.222802,0.282979,-0.000250,0.158649,0.297512,0.076960,0.182429,0.261458,0.057189,0.183255,0.349007,0.024060,0.212028,0.279096,0.095605,0.248983,0.237067,0.074088,0.233240,0.244558,0.082057,0.247187,0.309499,0.001570
0.151446,0.293045,0.046097,0.070116,1,0.378022,0.258737,0.318916,0.028368,0.240467,0.208942,0.122253,0.173026,0.265241,0.028220,0.151388,0.289533,0.008006,0.166356,0.245398,0.059682,0.265946,0.248345,0.050780,0.185332,0.281729,0.051034,0.206181,0.287401,-0.010357,0.129851,0.311612,0.075254,0.173996,0.241978,0.076159,0.199342,0.349085,0.027413,0.181859,0.294751,0.088371,0.248832,0.229461,0.072317,0.242293,0.227331,0.092628,0.273020,0.280156,0.010313
0.177646,0.288866,0.038809,0.069084,1,0.342930,0.299562,0.277596,0.053350,0.231993,0.210424,0.100181,0.174250,0.264241,-0.005081,0.156923,0.251842,0.011701,0.209501,0.293013,0.021859,0.274436,0.243915,0.034909,0.199093,0.287177,0.028306,0.247164,0.302424,0.008380,0.181780,0.291501,0.073202,0.202226,0.268886,0.057306,0.197725,0.341847,0.036148,0.228661,0.269981,0.058663,0.249939,0.249430,0.073786,0.238938,0.233298,0.086392,0.259163,0.279317,-0.006488
0.183718,0.317598,0.032873,0.055088,1,0.315052,0.281709,0.280565,0.015710,0.237929,0.227319,0.075568,0.185537,0.305358,0.034200,0.206213,0.244381,0.038532,0.204631,0.253489,0.065023,0.316104,0.267922,0.017469,0.198645,0.280454,0.058481,0.268495,0.284579,0.002873,0.226930,0.303052,0.047359,0.214395,0.277727,0.027080,0.197449,0.340415,0.038837,0.258232,0.285007,0.051037,0.255211,0.263027,0.039935,0.250683,0.271537,0.086463,0.302683,0.320674,-0.011015
0.184115,0.311196,0.014414,0.038692,1,0.330815,0.255674,0.265138,0.024457,0.238523,0.204342,0.106529,0.181197,0.277304,0.019552,0.226342,0.213640,0.050646,0.205589,0.230754,0.052757,0.312604,0.261583,0.006624,0.227671,0.287586,0.078706,0.241776,0.311831,0.034329,0.173626,0.257069,0.056063,0.235768,0.241625,0.039020,0.211951,0.320877,0.024583,0.224333,0.263285,0.065115,0.246158,0.251775,0.057151,0.291757,0.242707,0.076686,0.266319,0.294531,0.036397
0.240918,0.331283,0.010457,0.033598,1,0.415337,0.306222,0.300380,0.045896,0.315973,0.238466,0.076218,0.243402,0.336983,0.044185,0.224800,0.285938,0.033050,0.222940,0.310303,0.076552,0.315538,0.316692,0.036521,0.275662,0.271789,0.041938,0.277638,0.304272,-0.033323,0.255611,0.334404,0.061488,0.232596,0.295253,0.050333,0.244309,0.350583,0.011251,0.260184,0.335976,0.053538,0.289265,0.303749,0.065266,0.285503,0.296073,0.099274,0.288924,0.362360,0.000575
0.241871,0.327442,0.026021,0.041461,1,0.434362,0.299672,0.320055,0.040256,0.303157,0.232247,0.068424,0.233707,0.325119,0.030387,0.237435,0.294821,0.004636,0.227086,0.317866,0.069758,0.303955,0.318804,0.048312,0.283934,0.280471,0.027153,0.283040,0.312593,-0.024015,0.249001,0.340181,0.057234,0.233116,0.289373,0.054294,0.267446,0.344407,0.011655,0.281073,0.312702,0.067384,0.288400,0.297724,0.047214,0.290389,0.293215,0.085267,0.289058,0.339431,0.002066
0.246004,0.317845,-0.059187,0.046780,1,0.309117,0.330645,0.270875,0.088093,0.291699,0.255613,0.155042,0.270075,0.348592,0.076371,0.263990,0.340710,0.078295,0.248847,0.326706,0.051874,0.271911,0.419368,0.116555,0.263190,0.277122,0.118357,0.222252,0.381575,0.016644,0.323760,0.318150,0.109269,0.250527,0.346881,0.121690,0.265259,0.334989,0.019965,0.242298,0.366678,0.131836,0.263541,0.353206,0.172395,0.318312,0.302599,0.143998,0.300787,0.399649,0.066256
0.154237,0.313627,0.004733,-0.007022,1,0.318317,0.247193,0.288222,0.024143,0.215757,0.202846,0.120157,0.157373,0.313977,0.051487,0.210639,0.235644,0.067183,0.179234,0.236487,0.055440,0.295990,0.275507,0.017880,0.213950,0.267437,0.096743,0.200867,0.288575,-0.024243,0.115443,0.311374,0.043709,0.147736,0.260634,0.066629,0.173451,0.396388,0.027176,0.177302,0.305693,0.043043,0.239883,0.207991,0.087473,0.266818,0.250399,0.074064,0.284451,0.331647,-0.009751
0.460658,0.307254,0.043358,0.098964,1,0.445772,0.446016,0.312130,-0.027035,0.443153,0.293555,0.024622,0.483236,0.359689,0.000993,0.462575,0.265235,-0.011271,0.439877,0.262422,-0.009095,0.423233,0.303917,-0.041627,0.437311,0.366450,0.023291,0.426442,0.251212,-0.029780,0.458610,0.243056,-0.008208,0.434929,0.280468,-0.021934,0.468862,0.294686,0.009129,0.436938,0.296459,0.024084,0.468445,0.303901,0.048514,0.476245,0.248642,-0.035217,0.432306,0.288201,-0.016260
0.439953,0.319964,0.046159,0.075571,1,0.386262,0.437850,0.274830,-0.038432,0.419343,0.287921,-0.046808,0.401154,0.315180,0.001895,0.385093,0.246117,-0.014467,0.377894,0.222291,-0.004044,0.452764,0.216064,0.031852,0.454053,0.278161,-0.066104,0.418193,0.283913,-0.031078,0.416636,0.236384,-0.016422,0.411967,0.238404,-0.027634,0.377754,0.235360,0.035845,0.388295,0.253124,-0.010670,0.457365,0.268864,0.044402,0.417380,0.271006,-0.019921,0.439860,0.315054,-0.087952
0.457518,0.291337,0.003450,0.021312,1,0.559779,0.446963,0.260167,-0.006733,0.453596,0.268579,-0.080948,0.427144,0.370832,-0.057796,0.471255,0.270200,-0.043731,0.486818,0.269346,-0.013516,0.530653,0.232505,-0.018150,0.446544,0.300469,-0.051427,0.473805,0.236263,0.024265,0.419547,0.253423,-0.016687,0.365302,0.354898,-0.069322,0.463319,0.236096,-0.004842,0.505395,0.209784,-0.063657,0.487017,0.301764,0.061327,0.489351,0.301575,-0.072792,0.427982,0.375880,-0.135973
0.450565,0.270483,0.014122,0.077241,1,0.480820,0.486032,0.273662,-0.008384,0.489475,0.269198,-0.060484,0.468226,0.378960,-0.034943,0.460844,0.250248,-0.010000,0.453228,0.280717,0.016145,0.474402,0.312362,-0.058634,0.471824,0.304084,-0.022060,0.512370,0.243975,0.018051,0.451747,0.235081,-0.043411,0.434107,0.356291,-0.056566,0.505730,0.309851,-0.046882,0.472575,0.310102,-0.030697,0.475744,0.290365,0.089844,0.495965,0.272459,-0.100570,0.422487,0.315456,-0.044683
0.536678,0.277267,0.053443,0.108620,1,0.302109,0.495739,0.235251,-0.021073,0.486300,0.278866,-0.071371,0.488142,0.349461,-0.044877,0.504305,0.207207,-0.017423,0.509482,0.226628,-0.008006,0.545992,0.253128,-0.023989,0.518188,0.302434,0.003777,0.524478,0.224763,-0.043925,0.514699,0.264654,-0.041208,0.495380,0.254634,-0.013148,0.527283,0.238518,-0.020245,0.528898,0.238328,0.000879,0.525759,0.299203,0.018792,0.565014,0.244292,-0.026915,0.499037,0.272994,-0.023910
0.596182,0.312352,0.056277,0.070244,1,0.392723,0.547615,0.315813,-0.017035,0.584626,0.294815,-0.029676,0.549980,0.393490,0.036674,0.607422,0.268194,0.007426,0.628522,0.249732,0.012136,0.605478,0.318723,-0.048531,0.591897,0.353832,0.027952,0.579479,0.300097,-0.031060,0.609435,0.271805,-0.005807,0.631733,0.315666,-0.014765,0.648856,0.333526,0.007897,0.628202,0.289160,0.046206,0.621539,0.249554,0.034442,0.612286,0.243459,-0.049795,0.590607,0.307857,0.005340
0.281345,0.409213,0.111305,0.034369,1,0.333141,0.385572,0.360365,0.004432,0.361966,0.403789,0.057293,0.388139,0.308708,0.034271,0.367722,0.338273,0.027992,0.360971,0.381379,0.047416,0.344413,0.302054,0.031151,0.351819,0.365724,0.050903,0.306642,0.257394,-0.050576,0.340332,0.247394,0.037537,0.440481,0.364337,-0.073984,0.342757,0.363519,0.122981,0.340757,0.310580,-0.041411,0.355881,0.190970,0.110965,0.269168,0.323237,-0.012868,0.375552,0.315379,0.000069
0.301689,0.345778,0.049038,0.048416,1,0.789553,0.361874,0.374391,0.003718,0.311332,0.376059,-0.002431,0.337055,0.385041,-0.015436,0.347562,0.353368,-0.011045,0.348047,0.355030,-0.026743,0.286035,0.360520,-0.006272,0.322663,0.373191,0.002220,0.339723,0.357487,-0.016414,0.352773,0.353221,0.016486,0.327899,0.351782,-0.019843,0.370457,0.337887,0.004863,0.326577,0.360472,-0.020725,0.320332,0.374174,0.011218,0.326540,0.382365,-0.026948,0.335362,0.363311,0.010003
0.375769,0.369586,0.044695,0.074984,1,0.885640,0.418898,0.386097,0.007439,0.409864,0.377395,-0.009768,0.425185,0.346792,-0.041296,0.422316,0.415011,-0.012638,0.409187,0.370216,0.018069,0.373453,0.378290,-0.007550,0.374872,0.382306,-0.032298,0.433578,0.372546,-0.001268,0.419153,0.395454,-0.008575,0.401808,0.384039,0.027992,0.396190,0.421747,0.006989,0.441740,0.398315,-0.022155,0.407224,0.380167,-0.026853,0.403423,0.405747,-0.003567,0.413345,0.426118,-0.013162
0.432782,0.362535,0.047101,0.082227,1,0.867670,0.446577,0.400587,-0.010093,0.442263,0.380914,-0.000788,0.453647,0.360728,-0.008333,0.458190,0.411926,-0.019901,0.434065,0.401903,0.014565,0.439016,0.394074,-0.001722,0.463471,0.375096,-0.024981,0.451308,0.384102,-0.006801,0.427431,0.372364,-0.022575,0.437931,0.402132,-0.007201,0.440135,0.404564,-0.004913,0.469440,0.368086,0.002906,0.436184,0.389344,0.020298,0.425932,0.397311,-0.034347,0.482860,0.390264,-0.027239
0.392590,0.376931,0.046560,0.062757,1,0.721191,0.411892,0.366092,0.001168,0.404335,0.358546,-0.026888,0.421258,0.318842,0.032078,0.359310,0.333095,0.002217,0.417759,0.329594,0.008748,0.428130,0.320374,0.008167,0.448793,0.321682,0.009889,0.401160,0.335955,-0.026534,0.388602,0.357993,-0.030441,0.421881,0.354951,-0.037962,0.384151,0.349617,0.001542,0.435082,0.307829,0.007834,0.410926,0.319552,0.013640,0.448336,0.355184,-0.018631,0.445638,0.375203,-0.003381
0.403845,0.355006,0.038427,0.064114,1,0.770923,0.416345,0.376441,0.004126,0.385916,0.342756,-0.005505,0.369090,0.385781,0.023067,0.343875,0.333476,0.003309,0.406006,0.330929,-0.015681,0.394963,0.331635,-0.001644,0.366806,0.366665,0.000135,0.368865,0.306810,-0.016014,0.383504,0.330389,-0.008976,0.404137,0.359628,-0.028825,0.351049,0.296973,-0.013459,0.405087,0.319372,0.007442,0.421160,0.363597,-0.017694,0.417153,0.351448,-0.051004,0.421447,0.372417,0.014994
0.500774,0.316455,0.035626,0.067046,1,0.676773,0.478405,0.352561,-0.021130,0.425417,0.346858,-0.026569,0.391675,0.347077,0.009320,0.401508,0.306491,-0.028331,0.430946,0.321062,-0.005759,0.462172,0.331777,0.031245,0.442708,0.335309,-0.015353,0.427582,0.322695,-0.029577,0.465160,0.330536,-0.014619,0.426788,0.319867,-0.016013,0.427883,0.270334,-0.013428,0.426657,0.311823,0.020426,0.481405,0.355953,-0.027668,0.443021,0.357434,-0.004527,0.467656,0.303502,-0.003783
0.395369,0.297261,0.039681,0.080440,1,0.303683,0.438189,0.265171,-0.024869,0.485321,0.302355,0.018963,0.480377,0.258682,0.006492,0.431562,0.262388,-0.012117,0.417163,0.316904,0.037094,0.447874,0.284833,0.019173,0.451944,0.241224,0.033652,0.413196,0.216961,-0.036384,0.431244,0.294982,-0.010150,0.459426,0.289709,-0.019749,0.445640,0.292750,0.017458,0.422408,0.229444,-0.021445,0.383221,0.239430,0.016816,0.457162,0.267850,-0.006076,0.466453,0.284571,-0.003972
0.455649,0.350421,0.055076,0.074175,1,0.498601,0.495470,0.304194,-0.003385,0.589093,0.314269,-0.019557,0.486831,0.327887,0.021980,0.507333,0.332177,0.016627,0.470949,0.285969,-0.020486,0.565769,0.269394,-0.011655,0.467741,0.328471,-0.028343,0.439364,0.251428,0.002209,0.528140,0.311068,-0.008698,0.552277,0.266388,0.008511,0.449466,0.307856,-0.040674,0.489334,0.283711,-0.031551,0.532792,0.280340,0.012691,0.511396,0.266672,-0.043742,0.521126,0.331444,-0.024460
0.499531,0.286736,0.075333,0.045107,1,0.357116,0.534302,0.257904,-0.028217,0.478751,0.303595,0.033766,0.538988,0.274187,0.012310,0.464415,0.235809,-0.061953,0.485529,0.288020,-0.036836,0.516019,0.260966,0.035464,0.535644,0.296999,0.024419,0.463093,0.206470,-0.072961,0.527734,0.299260,-0.003218,0.540680,0.245168,-0.023776,0.507606,0.279690,0.072727,0.542695,0.233001,-0.018944,0.540070,0.231346,0.035776,0.528467,0.344577,-0.039832,0.483874,0.294616,-0.000524
0.404109,0.317086,0.035571,0.024367,1,0.326798,0.479436,0.268633,0.013179,0.412793,0.356680,-0.026649,0.413552,0.279437,0.041650,0.398600,0.287295,-0.014555,0.434359,0.260121,-0.015011,0.465110,0.243817,0.022536,0.429760,0.282737,-0.054348,0.409740,0.260058,-0.070309,0.407135,0.273315,-0.045777,0.536645,0.279692,-0.056755,0.407196,0.303012,0.088086,0.429906,0.275975,-0.023112,0.515922,0.207027,0.022564,0.434200,0.244180,-0.026375,0.373040,0.327970,-0.038468
0.281687,0.375019,0.052751,0.092058,1,0.539070,0.320801,0.327716,-0.003999,0.345405,0.347905,-0.031879,0.295972,0.287533,0.046915,0.303550,0.337606,-0.014520,0.312728,0.328867,0.036277,0.319041,0.277031,0.034238,0.309979,0.342358,0.012392,0.299714,0.247458,-0.045587,0.296047,0.349449,-0.030637,0.368036,0.320110,0.001467,0.297046,0.291902,0.024300,0.308563,0.303383,-0.050926,0.332346,0.306218,-0.030329,0.308548,0.303231,0.003985,0.292119,0.341949,-0.020726
0.274488,0.374553,0.050486,0.075577,1,0.940438,0.311268,0.377321,-0.012264,0.312923,0.417744,0.014819,0.314233,0.406352,0.015153,0.290373,0.389943,-0.005445,0.327101,0.403620,0.002073,0.294864,0.384287,-0.013103,0.311238,0.390850,0.059945,0.293908,0.374878,-0.009038,0.312894,0.371864,-0.006057,0.317805,0.387255,0.005348,0.302183,0.376179,-0.016889,0.297717,0.382609,-0.012298,0.288941,0.396335,-0.006434,0.280181,0.408617,-0.015317,0.282997,0.363378,0.022922
0.308234,0.362507,0.062142,0.073683,1,0.749890,0.346659,0.372699,0.026051,0.277977,0.373391,-0.009268,0.345290,0.380429,0.002336,0.291379,0.382462,0.008018,0.335606,0.391118,0.004722,0.349101,0.358781,-0.002752,0.317464,0.392267,-0.006373,0.296271,0.350616,0.026038,0.337781,0.296984,0.016051,0.334954,0.387300,0.018969,0.336574,0.379355,0.040634,0.309111,0.330631,-0.011766,0.326715,0.339952,0.034324,0.343720,0.396722,-0.029314,0.314284,0.344063,-0.002796
0.413561,0.421677,0.037981,0.062989,1,0.402723,0.436987,0.404006,0.061764,0.382421,0.326753,0.101965,0.449788,0.304013,0.113046,0.435461,0.349341,0.059348,0.381962,0.347607,0.101131,0.322207,0.358841,0.084676,0.431330,0.434026,0.022809,0.367514,0.302505,0.049555,0.469012,0.319630,0.050082,0.418774,0.368406,0.070037,0.407883,0.291538,0.068272,0.350154,0.357145,0.012330,0.373279,0.301102,-0.034107,0.368437,0.345328,0.102552,0.415464,0.306781,0.106049
0.425635,0.402998,0.033659,0.033232,1,0.394496,0.424343,0.456629,0.080742,0.425629,0.329821,0.135452,0.436575,0.331504,0.093506,0.450785,0.327327,0.077508,0.394412,0.320338,0.097115,0.359592,0.361828,0.074097,0.403722,0.478974,0.028406,0.431563,0.285789,0.093783,0.468365,0.299470,0.027537,0.391244,0.406697,0.011255,0.403647,0.314707,0.049583,0.371519,0.365938,0.020736,0.421194,0.330951,-0.006914,0.339675,0.318168,0.071971,0.431726,0.309093,0.093358
0.299212,0.341735,0.039641,0.042815,1,0.669312,0.319536,0.351849,0.061474,0.270494,0.355023,-0.018345,0.328035,0.345578,-0.017968,0.265016,0.347054,0.023982,0.323070,0.342950,0.008110,0.284258,0.332400,-0.032350,0.291762,0.353142,-0.026828,0.336808,0.369114,0.007097,0.248479,0.303880,0.000033,0.290311,0.364610,-0.019289,0.295947,0.335354,0.021429,0.296906,0.342574,-0.025368,0.286428,0.340976,0.031189,0.318080,0.337452,-0.024984,0.318292,0.345040,0.003481
0.283392,0.361507,0.046784,0.068446,1,0.898680,0.301207,0.397798,0.004286,0.321496,0.399618,-0.003562,0.321404,0.381572,0.020138,0.299461,0.395514,-0.011514,0.318801,0.395618,0.010034,0.316953,0.348332,0.000512,0.338381,0.412007,0.022404,0.338059,0.343252,0.007605,0.295095,0.397477,-0.028067,0.319641,0.410488,-0.020968,0.297422,0.361044,-0.022430,0.340762,0.381296,-0.026614,0.305461,0.388242,0.027306,0.276408,0.415396,-0.039211,0.293636,0.382943,-0.012068
0.456616,0.380849,0.052044,0.064142,1,0.948010,0.429487,0.417501,-0.040336,0.395324,0.369402,-0.020537,0.408208,0.386146,0.003916,0.438079,0.417438,-0.005210,0.423926,0.403886,-0.019144,0.423229,0.379393,0.021437,0.445793,0.407391,-0.050565,0.424081,0.398749,0.005319,0.441080,0.391101,-0.046904,0.431862,0.405949,-0.012142,0.409690,0.372128,-0.021443,0.428960,0.389810,-0.018540,0.427877,0.420693,-0.003768,0.420731,0.421053,-0.034282,0.462090,0.431323,-0.021019
0.409491,0.357305,0.044609,0.064322,1,0.856851,0.404195,0.402051,0.012473,0.378209,0.365174,-0.011276,0.371835,0.384433,0.039945,0.363492,0.352825,-0.004372,0.385183,0.353862,-0.014105,0.406551,0.355453,0.043448,0.409892,0.366295,-0.038421,0.388427,0.403773,-0.011292,0.351118,0.357706,0.005302,0.372427,0.366005,-0.048558,0.333816,0.333410,-0.012286,0.385237,0.356742,-0.000913,0.402981,0.393207,-0.003502,0.382499,0.388788,0.002323,0.425272,0.353483,0.005962
0.379563,0.356719,0.043605,0.057230,1,0.637987,0.409294,0.342731,-0.012034,0.311226,0.356271,-0.030812,0.337684,0.353573,0.049803,0.273013,0.298959,0.023362,0.366331,0.314179,-0.020841,0.371438,0.289855,0.010822,0.393607,0.307632,-0.014511,0.370075,0.320388,-0.041123,0.344643,0.283702,-0.022513,0.362530,0.286301,-0.018551,0.303512,0.261887,0.006832,0.297411,0.269245,0.039192,0.361045,0.263935,0.026986,0.333381,0.330114,-0.018330,0.379950,0.352710,0.005822
0.304622,0.377893,0.047565,0.080199,1,0.812192,0.332346,0.353093,0.006919,0.273375,0.383312,-0.033511,0.326129,0.391841,0.042987,0.248438,0.334363,0.025810,0.338957,0.345020,-0.011555,0.314088,0.334282,-0.013677,0.334058,0.368904,0.016731,0.298963,0.361882,-0.027710,0.298603,0.323559,-0.042004,0.321896,0.322086,-0.009485,0.271409,0.331688,0.008816,0.284132,0.334865,0.004405,0.297197,0.322960,-0.000595,0.320752,0.371089,-0.010381,0.331982,0.371368,0.023815
0.296284,0.372659,0.043126,0.076028,1,0.916240,0.307706,0.395187,0.018630,0.341078,0.390849,-0.007765,0.320964,0.364233,0.038034,0.308235,0.386454,-0.015241,0.305560,0.399214,0.004643,0.313318,0.383165,0.016712,0.320243,0.399293,0.012964,0.309887,0.367944,0.004301,0.302273,0.408852,-0.015957,0.328084,0.372328,-0.024627,0.277332,0.375202,-0.043867,0.314912,0.408662,-0.030701,0.304378,0.414831,-0.027386,0.293936,0.392190,-0.002360,0.310697,0.365357,0.032837
0.491923,0.356118,0.041090,0.060028,1,0.814803,0.522654,0.389212,-0.026167,0.461636,0.373336,-0.029745,0.475688,0.403458,0.024845,0.478550,0.382711,0.027696,0.493961,0.365518,-0.026290,0.492956,0.375148,-0.031563,0.510573,0.372439,-0.007734,0.488891,0.365560,-0.016016,0.480747,0.336685,-0.058782,0.497922,0.382654,-0.012823,0.506087,0.341872,-0.041563,0.485839,0.375316,0.032418,0.483818,0.355708,0.027277,0.469616,0.378213,-0.071033,0.499362,0.340895,-0.021543
0.591377,0.346789,0.043437,0.071167,1,0.431128,0.597692,0.297127,-0.044983,0.586177,0.235318,0.007522,0.562201,0.340997,0.053092,0.583764,0.268954,0.044192,0.559984,0.279946,-0.072578,0.614384,0.310403,-0.037459,0.613938,0.359422,0.000953,0.591893,0.232533,-0.022212,0.593218,0.347290,-0.018229,0.685053,0.252213,0.019538,0.559416,0.279800,0.010303,0.648927,0.318037,-0.025267,0.650888,0.255335,-0.018291,0.620897,0.276004,-0.017192,0.559890,0.294865,-0.014514
0.642178,0.308006,0.030988,0.085710,1,0.378799,0.635193,0.311532,0.010054,0.577543,0.309253,-0.012958,0.608177,0.372984,0.015118,0.629204,0.282968,0.054388,0.645304,0.242429,0.047429,0.601115,0.340534,-0.068204,0.575942,0.348614,0.007917,0.615746,0.366161,-0.018845,0.592665,0.272716,-0.000790,0.658667,0.312690,-0.021636,0.629241,0.321223,0.017557,0.602669,0.349859,0.033226,0.640553,0.255877,0.014966,0.606797,0.240365,-0.054122,0.583171,0.295116,0.027694
0.192912,0.378961,0.063095,0.100038,1,0.605872,0.215526,0.350746,0.038442,0.224216,0.371681,-0.006415,0.303794,0.288658,0.039651,0.213785,0.316919,-0.027943,0.278153,0.307825,0.033750,0.207654,0.347479,-0.028956,0.260216,0.364383,0.105588,0.266568,0.239182,-0.019387,0.220205,0.356980,-0.032606,0.215990,0.307741,-0.001625,0.210399,0.360713,-0.005076,0.272097,0.321988,-0.007224,0.223284,0.355544,0.033964,0.249269,0.321691,-0.020849,0.188521,0.369158,0.035486
0.411716,0.357770,0.079183,0.088238,1,0.702065,0.416751,0.363845,-0.021290,0.368338,0.372332,-0.007070,0.438878,0.366228,-0.030861,0.458530,0.350364,-0.009521,0.425885,0.322022,0.020788,0.418494,0.331257,-0.009395,0.426472,0.378003,0.005639,0.402142,0.358500,-0.021739,0.429569,0.336182,0.006597,0.422171,0.322086,-0.003566,0.428620,0.349411,0.037628,0.449867,0.324115,-0.004857,0.417724,0.342083,0.007039,0.455806,0.341565,-0.003937,0.458442,0.365140,-0.020696
0.377850,0.382504,0.053571,0.093549,1,0.658703,0.393793,0.376624,0.002788,0.386056,0.370702,-0.002258,0.450470,0.349927,-0.002357,0.408978,0.359773,-0.044739,0.414603,0.312617,0.035053,0.411233,0.326509,0.030422,0.400769,0.360462,0.042049,0.392277,0.288200,-0.054872,0.389364,0.367279,-0.007016,0.390505,0.360087,-0.019067,0.394713,0.353516,0.014214,0.437937,0.312536,-0.015143,0.407255,0.310900,0.013540,0.374581,0.340681,-0.024943,0.386167,0.366638,-0.022359
0.292514,0.363024,0.058248,0.101970,1,0.748353,0.334087,0.403431,0.035093,0.326930,0.376101,0.038284,0.386959,0.362667,-0.001284,0.316305,0.370560,-0.028475,0.359589,0.368267,0.025495,0.295195,0.394602,-0.022017,0.330664,0.389293,0.042281,0.347054,0.344821,-0.012479,0.311725,0.358847,0.021911,0.322693,0.378525,-0.016476,0.334981,0.374141,0.000150,0.356823,0.340096,0.000760,0.329156,0.367744,0.035185,0.326344,0.341556,-0.027318,0.354828,0.348541,0.032444
0.232779,0.367240,0.036434,0.064291,1,0.831016,0.288587,0.399792,0.056432,0.284547,0.387244,0.018205,0.309433,0.353997,0.009095,0.252931,0.375524,-0.030363,0.289924,0.378833,0.002247,0.238928,0.396318,-0.020630,0.266910,0.402547,0.066366,0.273421,0.327054,-0.012094,0.242708,0.396657,0.003464,0.279677,0.366295,-0.002794,0.246124,0.381552,-0.003669,0.280901,0.352780,-0.019073,0.276844,0.374295,-0.011395,0.260462,0.368763,-0.021900,0.260997,0.402065,0.061421
0.343719,0.382436,0.058027,0.083051,1,0.719019,0.374296,0.362826,-0.030662,0.312814,0.331385,-0.004337,0.368894,0.401642,0.010368,0.385412,0.384256,0.021155,0.355904,0.353729,0.028705,0.341985,0.340326,0.021520,0.349521,0.383749,0.011186,0.342517,0.343012,-0.003399,0.408998,0.301038,0.011728,0.367284,0.341427,0.003852,0.350964,0.386681,0.023563,0.377476,0.317718,0.017429,0.348503,0.307504,0.025739,0.349588,0.336142,0.001510,0.369345,0.363231,-0.056755
0.288199,0.410225,0.036499,0.073460,1,0.303856,0.325021,0.416778,0.114656,0.290729,0.353256,0.140872,0.373581,0.264128,0.153751,0.324934,0.352000,0.061747,0.281552,0.296305,0.119463,0.198545,0.356555,0.088070,0.317393,0.455092,0.032000,0.327921,0.269597,0.071571,0.301897,0.338548,0.041765,0.278114,0.356863,0.087262,0.256753,0.258382,0.065821,0.222137,0.378908,-0.010102,0.257170,0.356950,-0.028178,0.246811,0.338575,0.125255,0.254199,0.321120,0.168736
0.451241,0.397098,0.015483,0.044138,1,0.517968,0.431389,0.458166,0.102220,0.436779,0.333771,0.052119,0.474142,0.328825,0.038186,0.385094,0.361590,0.037958,0.440799,0.347688,0.060711,0.424455,0.348709,0.002931,0.369310,0.431900,0.000282,0.418690,0.375740,0.022046,0.416372,0.322069,-0.003071,0.381675,0.365751,0.007607,0.442598,0.332903,0.021316,0.403873,0.377275,-0.062293,0.403074,0.333478,0.020523,0.382854,0.341214,0.001145,0.455455,0.292391,0.076786
0.434643,0.373325,0.038090,0.071462,1,0.490389,0.440588,0.425944,0.092591,0.420227,0.333888,0.037898,0.476292,0.295254,0.038923,0.392168,0.342688,0.053807,0.410123,0.332240,0.040885,0.380790,0.359804,-0.007425,0.412500,0.406506,-0.015686,0.434716,0.343913,0.009099,0.437909,0.305793,0.007122,0.395061,0.344478,0.006610,0.413941,0.319418,0.018820,0.385789,0.348725,0.009061,0.427500,0.339397,0.030315,0.398796,0.309796,0.027460,0.441411,0.289961,0.048664
0.340022,0.357896,0.031503,0.056154,1,0.679136,0.352462,0.368127,0.006134,0.286394,0.346141,-0.022512,0.322917,0.373385,0.020288,0.290624,0.342421,0.046564,0.363564,0.367406,-0.050092,0.287208,0.369576,-0.003812,0.350201,0.355532,0.021425,0.340503,0.351128,-0.042881,0.330869,0.330606,0.013279,0.268034,0.316403,0.017008,0.322971,0.313457,0.013571,0.270362,0.344936,0.012443,0.291440,0.322129,0.031840,0.341067,0.338580,0.031204,0.330541,0.323488,0.018310
0.305377,0.376589,0.061519,0.081652,1,0.838662,0.336065,0.361871,-0.004373,0.283859,0.387741,-0.009520,0.308398,0.380524,0.003852,0.287512,0.391715,0.011757,0.335628,0.399017,-0.008119,0.295121,0.368192,-0.020793,0.319074,0.360549,0.032181,0.317275,0.393948,-0.029622,0.331256,0.353419,-0.001117,0.310355,0.350072,0.005966,0.292455,0.382152,-0.032770,0.286186,0.364702,-0.002571,0.291310,0.352468,-0.001994,0.291278,0.350826,0.008868,0.288610,0.361100,0.029294
0.382159,0.386403,0.052099,0.074316,1,0.682671,0.397734,0.389413,0.026550,0.357944,0.359359,-0.006615,0.420039,0.364424,0.018307,0.347792,0.364988,0.025145,0.388885,0.366480,0.022853,0.380548,0.366682,0.006541,0.393862,0.384618,0.009816,0.401895,0.366097,0.000697,0.412756,0.323026,0.007559,0.384817,0.383050,0.008348,0.383848,0.391434,0.027228,0.401176,0.330358,0.010931,0.387991,0.345223,0.057064,0.408460,0.343036,-0.026226,0.423136,0.325905,-0.012880
0.631618,0.367177,0.055188,0.106407,1,0.566546,0.561848,0.422371,0.090415,0.628405,0.368363,0.116633,0.666662,0.296843,0.049048,0.660832,0.373288,0.083743,0.588636,0.356626,0.037092,0.534027,0.369672,-0.002108,0.553593,0.423431,0.015989,0.530778,0.297920,0.042813,0.607386,0.331279,0.055580,0.616197,0.309288,0.015688,0.560560,0.352906,0.074385,0.587558,0.408792,-0.031732,0.613251,0.363703,-0.018544,0.513677,0.326270,0.087153,0.585345,0.347527,0.066375
0.762066,0.362690,0.056455,0.056758,1,0.356741,0.636172,0.243790,-0.106916,0.577782,0.313052,-0.021129,0.737877,0.354540,0.011125,0.757787,0.309041,0.182999,0.674571,0.250588,-0.131815,0.650347,0.302353,-0.044862,0.712020,0.390263,-0.039032,0.540606,0.245674,0.027736,0.605709,0.300524,0.001968,0.746670,0.199335,-0.015854,0.619452,0.281635,0.068300,0.703685,0.338668,-0.081360,0.671665,0.234322,-0.032900,0.714735,0.329731,0.092037,0.697427,0.383325,0.005175
0.737238,0.330690,0.020998,0.071606,1,0.462087,0.686910,0.335625,0.011795,0.645338,0.325359,-0.000820,0.649190,0.378747,-0.069350,0.714077,0.319179,0.006102,0.691122,0.275825,0.051298,0.692855,0.304091,-0.016906,0.648645,0.342198,-0.055912,0.659686,0.441302,0.001107,0.700992,0.263862,0.055127,0.733249,0.339034,-0.034739,0.733074,0.311301,0.061833,0.686905,0.332574,-0.028538,0.758791,0.248500,-0.002312,0.675244,0.261963,-0.053125,0.677145,0.354675,-0.072955
0.148495,0.375621,0.074152,0.074972,1,0.594548,0.249513,0.327194,0.047911,0.227455,0.402455,-0.014889,0.312288,0.337748,0.037537,0.170121,0.310166,0.023184,0.236526,0.318288,0.021507,0.205355,0.313536,-0.021634,0.266417,0.355951,0.077239,0.237351,0.252172,-0.016896,0.155501,0.324918,-0.027615,0.189930,0.358503,0.016249,0.198674,0.380901,0.050049,0.218888,0.309182,-0.048364,0.193102,0.316631,0.111795,0.248078,0.381022,-0.030432,0.181255,0.346372,0.045493
0.435812,0.340871,0.047272,0.088600,1,0.727051,0.447893,0.373052,-0.014244,0.423800,0.390877,-0.010976,0.433718,0.379300,-0.010777,0.420995,0.371171,0.009592,0.431540,0.368258,0.012406,0.408321,0.347968,-0.008345,0.456680,0.386190,0.015899,0.461163,0.372250,-0.005724,0.428986,0.351608,0.000546,0.432203,0.408411,-0.007324,0.462844,0.363762,0.027335,0.434139,0.388174,0.007564,0.422928,0.375619,0.031493,0.461757,0.376687,-0.045793,0.423940,0.342629,-0.022440
0.372407,0.381328,0.070034,0.102083,1,0.724883,0.402820,0.370517,-0.051799,0.422584,0.375287,0.008772,0.395877,0.402601,0.021446,0.391223,0.385346,0.042972,0.388064,0.372202,-0.006878,0.361440,0.342144,-0.028421,0.446462,0.378831,0.086106,0.390737,0.315304,-0.011391,0.409156,0.328333,-0.018391,0.409966,0.356866,-0.002157,0.365192,0.381902,-0.029969,0.408743,0.381534,0.024596,0.375259,0.343770,0.029647,0.374933,0.353886,-0.038389,0.376797,0.334858,-0.003393
0.382969,0.374877,0.070085,0.114402,1,0.650875,0.359841,0.309150,-0.038017,0.412207,0.304839,0.068765,0.401187,0.291889,-0.039644,0.399396,0.323595,-0.000279,0.324763,0.351756,0.031288,0.315563,0.345006,0.023415,0.358089,0.307371,0.031840,0.375327,0.330071,0.048327,0.375632,0.383513,0.047662,0.372095,0.352774,-0.029500,0.324479,0.358275,-0.034512,0.376977,0.325241,-0.013882,0.330519,0.347806,-0.052419,0.394152,0.257238,0.020783,0.373992,0.385740,0.001527
0.326925,0.377069,0.045650,0.066882,1,0.702296,0.332242,0.368903,0.036758,0.354661,0.346527,-0.014689,0.358673,0.363701,-0.005017,0.361156,0.354603,0.000332,0.349763,0.368463,0.016477,0.310272,0.350821,-0.014450,0.332773,0.364552,0.013266,0.361235,0.364873,-0.004117,0.353875,0.337142,0.005539,0.334955,0.354589,0.005555,0.299401,0.394110,0.006916,0.353086,0.360429,-0.016409,0.341796,0.352562,0.035653,0.344678,0.313437,-0.016924,0.335277,0.357984,-0.010220
0.418919,0.389552,0.082518,0.066290,1,0.339472,0.370693,0.343948,0.069002,0.333332,0.316268,0.031662,0.381842,0.331173,0.129015,0.372357,0.265552,0.079285,0.382975,0.283913,0.073766,0.358346,0.258291,0.060631,0.374249,0.338768,0.014910,0.375820,0.322083,0.033937,0.415512,0.268561,0.037500,0.372814,0.345808,0.089506,0.421405,0.316460,0.096082,0.355371,0.304741,-0.001259,0.368435,0.232168,0.019007,0.373033,0.337069,0.054975,0.380060,0.282779,0.064646
0.857401,0.301622,0.021072,0.069448,1,0.447210,0.805819,0.331407,0.113933,0.822861,0.371292,0.091887,0.867187,0.290295,0.044876,0.851709,0.423945,0.093970,0.976040,0.356526,0.179280,0.875751,0.329524,0.006601,0.841864,0.333933,-0.090235,0.710048,0.362672,0.087452,0.839573,0.309950,0.092126,0.849669,0.343216,-0.000346,0.787631,0.298573,0.147379,0.872500,0.381241,-0.019959,0.874319,0.271677,-0.015741,0.745346,0.341043,0.122314,0.760567,0.438254,0.120210
